track_id,D_fit,alpha_fit
4,0.026531340768313,0.5335771806457422
6,0.0745776025671037,0.8695862128313446
7,0.0011814125958626,0.0132972853642519
8,0.0456449141194031,0.8431097735475912
9,0.0502453841016797,0.1658789048815008
10,0.0018321609962755,0.0175333498442165
12,0.0020620941473211,0.1663429450848883
16,0.0050470345653599,0.15722210817223
17,0.0286021865533374,0.737914109923539
18,0.0051582710977911,4.393508492268889e-15
21,0.0323829371474871,0.6973412177310467
24,0.0065178564174911,0.2808206956748251
25,0.0183502623572984,0.764527767658409
26,0.0084143217481949,0.1473447096653137
28,0.0184581118332645,0.2911356702903194
35,0.036759178693954,0.9056148684378268
36,0.0360924060447616,0.7943246354279512
37,0.0043090964320167,0.1473667030477652
38,0.3300988305610042,0.9561672068613882
41,0.0016657624248595,2.598282801299837e-12
42,0.0051395798820867,0.1718135512580388
47,0.030032304641703,0.8175901587831875
52,0.0562011727657174,0.8758471674193881
55,0.0134394917462018,0.2375135254447969
56,0.0223966844783457,0.4091482672360324
58,0.0078558218748169,0.4885843925491291
59,0.0150506243458641,0.3176153753257542
60,0.0043707520806862,0.332489595838527
61,0.0031634214118782,0.1438526681060915
62,0.0120901448470887,0.3582008163224224
63,0.0143516498287667,0.5163622556193612
68,22.729729738818,1.9294662335873904
69,0.0326611581405781,0.723563258692081
73,0.0107033871667819,0.3666303478387973
75,0.0227824481299403,0.6610242698941797
76,0.0546964121283274,0.7642603636628619
78,0.003433297008226,0.0143605061891943
79,0.0363057638253147,0.6641950006654556
83,0.0109959925523313,0.1408866902588088
84,0.1080363039334808,0.9243881855324844
89,0.0326011464202137,0.1874831986831981
91,0.0037203468932863,1.8899800162762205e-12
92,0.0225652982591986,0.4811332662576574
94,0.0760519780512,1.002718412868708
95,0.0198301921197266,0.533350985225509
101,0.0797974700775985,0.9724491614367624
102,0.0582046651934259,0.7996159051522884
103,0.01035682269359,0.5335381228412951
106,0.0040550240833191,0.0312041598273841
107,0.1468874880698163,1.0281988152590058
111,0.034387746115452,0.6922437859020978
117,0.3329639126909965,1.188427003244703
118,0.3871868431837441,1.4431109341446025
119,0.0569475707977263,0.8678790400126722
120,0.0324340620254615,0.7910953701250238
122,0.0201769874618829,0.6293438122834977
125,0.0402756722583626,0.4823347300398843
126,0.285548441967844,1.2133414593542002
128,0.053873387105474,0.6860101409171763
133,0.0050942014003966,8.728236760164166e-12
135,0.0122086237122176,0.4000062244367158
138,0.0384776174996275,0.6322860724559447
139,0.0385756119496044,0.8182960350115485
140,0.0131514514862608,0.6146571105106803
142,0.0421684792365609,0.342559294258747
143,0.2850971208081334,1.1644435087781404
144,0.0282315038526153,0.3167696730687072
145,0.0071999926631306,0.1256939964954375
146,0.0044165340335566,0.2801318648380425
148,0.0099866243017088,0.3513134230618696
149,0.0348808983323316,0.787639169281731
152,0.0231059124634152,0.5910016535183128
154,0.0086129192699433,0.4177067199170757
157,0.0485117451102484,0.7868638161260505
161,0.0835796549859321,0.801266555830261
163,0.1380167886843155,0.9447409316681006
164,0.0292358850556132,0.6025024309102374
168,0.0804371000471061,0.6996656525649387
170,0.0274729201162109,0.7747111263210281
171,0.0857344864056569,0.9962754242724352
176,0.0147842631826349,0.3528918357597518
177,0.0454123295844145,0.3798654532486178
180,0.0548274986272312,0.5293476693919271
182,0.0152723800213352,0.4339789070737121
188,1.3186745498542145,1.429155454207195
190,0.0179364810855,0.550579650366493
192,0.0663331701839993,0.864605653629994
196,0.0575073003006907,0.7128627935791663
197,0.0535523592881004,0.7850350484696085
199,0.1545212671691377,1.1777573743245604
200,0.104510349671349,0.9832952818989406
203,0.0833169130321649,0.6044891760925357
204,0.0220331030961468,0.1730205491678586
205,0.0821845084893905,0.9765137265292964
206,0.0324356655359518,0.6865616013169161
207,0.0098291146632378,0.2870898489789904
210,0.0425212201129689,0.4480370788587043
215,0.0191213410998309,0.1746910127709264
217,0.0732152852712747,0.5564250967419322
218,0.0030000955006462,0.0415849564876802
219,0.0515752361643859,0.8467782321217319
221,0.0961124997616714,0.8627733896009547
222,0.0597636723404487,0.8900283307438965
223,0.0253728122011931,0.6149700508218107
224,0.0135462179433139,0.2806474471756929
225,0.3729456368749505,1.3605437816381394
228,0.0034668310165805,0.1432747933506135
230,0.0651709551136029,0.8507474562955467
231,0.0567871117365814,0.7443715204699579
234,0.0470741231104226,0.842022041312415
236,0.002184812952253,0.3055610645565245
237,0.068219615214176,0.7352479734186461
240,0.0032825594502197,0.0213260781713434
241,0.0819584844657625,1.0140153681960449
244,0.2074892516682584,1.0591914400642142
245,0.0091239634807313,0.5007644323021471
248,0.0312013631380002,0.5199590707560465
257,0.0114611087825774,0.2529015254891025
267,0.0018192787200995,0.0676420512725928
297,0.003143811960153,2.6112678580281353e-13
300,0.0525870588229958,0.3939010714060156
333,0.0346083904074536,0.3546652846623098
347,0.0103042410794422,2.421008815491662e-16
370,0.0067047536757435,0.2219741806515608
377,0.0662437216743571,0.7993163913947442
379,0.0045168089276051,0.1737701145152831
400,0.103498007950716,0.7932790688511583
403,0.023177284968403,0.6229968522473299
407,0.0531657967461508,0.6497578875801042
413,0.3316124454278582,1.2674498287053817
433,0.0094051631058803,0.1067343728899078
442,0.0184151948216744,0.619669491115155
447,0.0086177574829906,0.4062183210128174
450,0.0026263068218823,4.563254422433086e-15
454,0.0188703628828641,0.4506173596327347
466,0.0131768218534265,0.3426299759044066
472,0.5033380850960383,1.1588384807286674
503,218.80144581148383,3.0673315890049797
516,0.0227356998447516,0.2679223613569794
531,0.0012440621698408,2.09090959258011e-14
533,0.0176139806798652,0.3678216687511102
543,0.1964288157511321,1.2856767979533554
548,0.0445170880686813,0.706966314638237
549,0.0031784058276818,4.312172460599597e-16
561,0.0818808249732433,0.8619366514560517
582,0.8987484688365743,1.1558773726829232
594,0.014308582411003,3.3452596972882637e-12
597,0.0377320003843783,0.6512344057878063
611,0.0823718217560883,0.4000368809368183
615,0.0694495442198982,0.8727353933934364
634,0.0267061934606202,0.4627484450758956
638,0.1182177463772769,0.809895926894485
641,0.0229156246817714,0.3459905452534323
659,0.0880804177768642,0.829337168565298
662,0.8883324879617589,1.3064835913402846
669,0.007262620438752,0.1886608351902772
687,0.0878178435441472,0.703827989315637
694,0.0052059180088113,0.1277325983580293
698,0.1430605968615836,0.931310302081206
708,0.8776296222650061,1.4901480830816554
740,0.0157768796973202,0.4193522145717014
765,0.1020163714464038,0.8798596780293583
769,0.0145086366121592,0.2929632709603382
776,0.0055447655034082,1.887107537212032e-15
778,0.01147190387805,0.3284651653874928
780,0.0398894577696785,0.7037790307733168
785,0.0621861364159673,0.8965282315760754
801,0.290519298465202,1.322594547273631
802,0.009004555181411,0.4040493636902083
811,0.0220378856057824,0.652248499239539
815,0.0025988836542359,2.274470601410858e-13
824,0.0189702232153093,0.4614622082193751
830,0.0284952598084499,0.6796915045839107
832,0.1648052771844163,0.9880956970669024
852,0.0092757778510893,0.4131252417943518
855,0.0112797414668904,0.3762796670990603
877,0.0188499481654623,0.4789391232747942
880,0.0098080687271675,0.231730825816687
883,0.0412681724003633,0.7085228039078993
896,0.0293950038847207,0.3090040987358313
904,0.0064945261019973,0.225687384227066
913,0.0172335774881829,0.4460434418055781
926,0.0134547402640961,0.1150218663657979
939,0.006207703331039,0.3687717570946818
940,0.0126592946911566,2.3058313082506585e-13
951,2.762193223507719,1.5569287767677116
962,0.0180624359355384,0.5672940920276495
970,0.017127785208016,0.6124126393989466
975,0.0250153595923573,0.3639924170007088
979,0.0120580761245291,0.2852683642197477
985,0.4407022007942346,1.2286092651973428
988,0.3529315255610452,0.9065946628178316
1001,0.0325083444541609,0.4804058412191745
1006,0.0074027261575405,0.0815503010515586
1017,0.0073783759454823,0.0598415797057286
1078,0.0171278648327927,0.6114966616097116
1082,0.0079709955434728,4.624181953931652e-12
1089,0.0031407560837355,8.22360330003299e-09
1092,0.0246809216616818,0.7531949929006646
1099,0.0065244369566387,0.2266754786955326
1102,0.0249466027212565,0.2950709337910323
1109,0.0097967835360777,0.0489636234377489
1110,0.0137571218122756,9.12178372905897e-14
1112,0.0993374603133862,0.7994632675234121
1137,0.126236509509013,0.4783129507581417
1149,0.0083633092036534,0.3065601538600226
1155,0.0073034017170828,0.3363078347249358
1162,0.0124897393807382,0.0954002656412167
1167,0.1745250918886601,1.042534523454364
1193,0.0090203295444787,0.1288867625401095
1218,0.0017517451250637,0.0511950582364969
1221,0.0729874764761416,0.8811007674661264
1235,0.0043941870593706,0.2603837679658225
1239,0.0353847082301597,0.789999614559401
1244,3.7476872374148167,1.773977934922215
1250,0.1445728502965964,0.9110192735761148
1252,1.698924408148354,1.5477170234414417
1255,0.0028109988172879,2.3109030205232564e-12
1280,0.0032743812755305,0.0653281366263299
1284,0.037993827619959,0.6936219943617857
1289,0.0203941314876623,0.2327547403860517
1290,0.0055627317396719,0.0245607549665831
1292,0.481750114397369,1.1911652735045972
1293,0.0378558164045159,0.5877601829378356
1305,0.072638266930554,0.9271134047683032
1306,0.0031563669473497,0.2625990151627412
1314,0.0143806598415476,0.500146936026847
1315,0.0062100800734399,0.1521608289989729
1318,0.0768061519352951,0.5069573517253795
1341,0.0580619972676024,0.8360116275012511
1356,0.0488129279980803,0.704916324258108
1362,0.2193296638340804,1.1161719474269791
1368,0.0086350613171875,0.1561692973010075
1381,0.0362353664801474,0.4919656337391448
1404,0.0018817881638839,0.0447777955049412
1412,0.008514486150485,0.41564086355564
1427,0.0759870890417274,0.7039917599162164
1437,0.0060511118355231,0.1557191591116606
1438,2.3029402586801258,1.2389288838003951
1464,0.004173156746996,6.50577445942754e-10
1466,0.0050577527838537,2.7918726753325413e-10
1471,0.0027921358573925,7.862881468011102e-12
1502,0.0147488286949756,0.1362797476754491
1505,0.009735034286386,0.0866732577852913
1510,0.1241491278903252,0.881278031120354
1517,0.0315142867552135,0.5344087415055986
1524,2.9851698849095536,2.0597488857150728
1527,0.0063646189797295,0.1108268620469073
1538,0.06647725045482,0.5628174804981896
1549,0.012414808330398,0.418305835814128
1553,0.0314263559931633,0.3914440615073256
1569,0.0324224462093787,0.7336138275808969
1577,0.0121102165079776,0.3965550891818454
1595,0.0018210859988365,2.8274674097532503e-10
1596,0.0341267744253981,0.9445381041912392
1603,0.0045183925971211,0.0578557979224596
1613,0.0127399590210773,0.1195142087082205
1632,0.0365314651026746,0.6452842640721114
1669,0.039076584620065,0.5733412515133931
1671,0.0366876141175158,0.660203807796397
1673,0.009661885260596,0.1731516598940435
1696,0.3719735804415165,1.213909260977147
1705,0.0167474745677019,0.6009635916608288
1708,0.006174138366202,0.1371420559299913
1717,0.7071438858604898,1.7044979742968391
1724,0.0097329038386081,0.4035129265711565
1736,0.0262330993240381,0.5332394600944258
1739,0.378259298151604,1.110511390641428
1740,0.0303235167330203,0.6344815521179468
1745,0.0933963348309614,0.8415141422477088
1751,0.0217563628084434,0.1536668476289194
1760,0.0019000123035313,0.1313161112295319
1771,0.0191359292495077,0.5199212324636439
1782,0.0575878016986302,0.6307267310799037
1783,0.1276652139583542,0.977395358836025
1806,0.0819375052566084,0.513869027857827
1809,0.0151365105499889,0.2941328602165111
1811,0.0064431119811065,0.0288563452349425
1817,0.0193365183356158,0.5481293713779465
1819,0.2680482406127636,0.7566327045406777
1836,0.0139906724620395,0.4481684034675622
1846,0.0106252209126749,0.3114744567359018
1859,0.0911183035764793,0.7170441796409733
1877,0.0079794734834667,0.2339443291125481
1889,0.0031270782727752,1.1725668132171625e-07
1890,0.0345195903989023,0.4919615826901503
1894,0.0453469974227765,0.6541146375704427
1895,0.1139212614088092,0.8135063899859328
1896,0.1440350605233918,0.8913657602177426
1903,0.0460421484339652,0.7063706997275401
1907,0.0372869424994312,0.7756726287978598
1910,0.0107947447715823,0.3970589082048538
1918,0.0084362071973682,0.3954167756402294
1928,0.2483900294727951,0.8628497891288627
1932,0.0376507620552715,0.668239372160011
1947,0.0104141364419449,0.4156756817580383
1954,0.0082808838827064,0.1716102448633189
1962,0.1512834312752446,1.1460597638274037
1965,0.0157089091333126,0.3266382512006719
1972,0.1127213518198628,0.6093024370449535
1982,0.0056019450539817,0.0684678090675844
1989,0.0999580801462408,0.7303480097114352
1990,0.1048944245607935,0.8585089372285635
1991,0.0460733741043697,0.6773090669294901
1998,0.0250482808411692,0.1363548184600475
1999,0.0448877925409202,0.6404535906399755
2006,0.1275419182586158,1.0676901100491678
2007,0.0201795368653855,0.6221746091661082
2009,0.0026229044405943,0.0675265418555813
2013,0.0710209388356259,0.385207951517856
2018,0.1156389542488871,0.8647464285784281
2022,0.0246916613972991,0.5460135396998499
2040,0.0347300498828518,0.5576065751240554
2053,0.0443179458620737,0.6667687820895437
2054,0.0850975780112637,1.0116346285522382
2055,0.078727614742546,0.8951146528213106
2061,0.2071972274209861,1.0055975677784397
2081,0.0119499562520448,0.4161803127467684
2084,0.2245137120135255,0.7648439039887972
2089,1.870441679578279,1.627099533637436
2094,0.011691589081975,0.4200388430220488
2121,1.8674428886367307,1.5050057606545062
2124,0.0220103737729421,0.6548476748871034
2125,0.0101953693886754,0.493757849496454
2129,0.061098241059894,0.8249925165803441
2142,0.0020221133826262,0.3229314131459908
2143,0.0130255911342825,0.3951954470078044
2157,0.0256959903388812,0.4164669056620616
2160,0.0044275627935939,1.1098538781872533e-13
2161,0.2326343578698056,0.9609904695287462
2171,0.0048973410769581,0.0045526370259334
2179,0.0142245407514878,0.4923741162345381
2186,0.7973494231231312,1.4625582588957946
2189,0.0306278677980633,0.5464193205742143
2193,0.0848610810155385,0.452706528877877
2202,0.2860299588045403,1.0905427059875124
2228,0.0175334380897523,0.3697520109481285
2237,0.3668179587362836,1.1882637466991903
2239,0.0177855671260766,0.1715642064689613
2245,0.0494407215036853,0.6995956626611541
2246,0.017920326814827,0.3755849805398483
2261,0.0029243043390814,7.309121304743679e-12
2264,0.0156764835452246,0.1604623997608351
2267,0.0033745906494293,0.1122115726722013
2269,0.0220495833259994,0.3310178569314809
2281,0.015224927525813,0.1614907337746714
2300,0.0262424574476938,0.5191739057363544
2302,0.0056821719757923,0.2298358703636743
2303,0.0320686731802535,0.6343157096330285
2308,0.0275982379424241,0.5568989623123483
2315,0.0943477899673282,0.7983053825966154
2320,0.0200139285052297,0.1016103757271415
2321,0.0087312736887805,0.2405530661503055
2324,0.00995555215474,2.7556171751397736e-14
2326,0.0271968502826199,0.6639537240194743
2333,0.006935368718134,0.2537773165573847
2341,0.0417872880290482,0.6842088175039898
2342,0.3319162859359521,1.05882891666254
2356,0.0152351301133548,0.0366046367750739
2360,0.0257778022931417,0.3518000718596087
2375,0.0067591327134011,0.5035736101072978
2377,0.0075944803524631,5.792881943179574e-09
2396,0.0169327393905844,0.3855749643631779
2399,0.0313184186086564,0.531545207721025
2401,0.0397759288550592,0.6809952433773544
2407,0.0804105417116989,0.8686342944117879
2409,0.0050486936818609,0.3375573780238465
2412,0.0070032415811654,0.1660524617039608
2428,0.0458378372414487,0.7303644624520982
2433,0.0896786108500191,0.4505409383785449
2434,0.020171381795198,0.570993203587565
2457,0.473910749620057,1.416567429558958
2465,0.0268865895566101,0.416861745466883
2480,0.0277744275144474,0.6000322198419101
2484,0.0605938640793503,0.6678267809749246
2502,0.0058018098373256,0.1689735831770536
2510,0.0106157220460461,0.1725907723918256
2526,0.0086486286773568,2.619020421919307e-17
2532,0.0037415242901319,0.1493491103095545
2536,0.034424596022627,0.610949882494479
2540,0.0107524523546466,0.28780563854038
2542,0.1413330521966144,0.8804505573237413
2549,0.0110892844735878,0.2787664805555305
2551,0.0111483388400882,0.4054394501045725
2554,0.0221237146763077,0.6573459652459184
2572,0.1930362805687544,0.8801150988424649
2578,0.0210129443113997,0.3035282463109595
2598,0.0371877768820337,0.5560343034673255
2599,0.0144587442608885,0.2881996258941319
2622,0.0099533436760138,0.3699593510865515
2637,0.0431355543370884,0.74685655652187
2648,0.0056028391162906,3.1935238668578455e-14
2667,0.8537031845371236,1.3667209348642857
2672,0.0161023623190223,0.509135041300283
2683,5.402372937050601,2.017845985523929
2690,0.0095886453109387,0.3586883183553596
2705,0.0085094195313796,0.2656579646828634
2716,0.007857175789388,0.1380973305071403
2721,0.0684614828046633,0.8211326153795576
2730,0.0161302461430272,0.3569112321094908
2739,0.0105986142144293,0.4528297526730407
2749,0.0393080342356578,0.6334034733533337
2751,0.0062223872720465,0.3419640245151737
2757,0.0072284350608456,0.1650918358879762
2760,0.0197390380717049,0.0804508677886889
2782,0.0069397276699996,0.1469361968651001
2789,0.0042692230363157,0.1526233143702944
2796,0.0203996287025461,0.421904403913298
2797,0.130745776806771,0.9607453437400718
2822,0.0289684249634512,0.5220714784967903
2831,0.0073592776510821,0.142660511759285
2833,0.0839583708631636,0.7653611859544333
2842,0.0509307211191042,0.8541206726614642
2858,0.0853817125643653,0.5959833399393544
2861,0.0115444804868834,0.1890751101234582
2868,0.0021236732520824,0.0780189716401338
2887,0.1666166782948387,1.0613349711442488
2901,2.8253090909914644,1.5161774474560843
2902,0.0737662148232358,0.44993675411342
2907,0.0179436410047403,0.4440394684640787
2908,0.0648405546717451,0.8599337106428715
2911,0.0603470124202719,0.8740109508241634
2915,2.209106515352646,1.7965250619764466
2933,0.1871175956554858,0.9308536972288788
2944,0.0059728711085198,2.9660048065587783e-14
2958,0.939831724125198,1.3937674598033212
2961,0.0118398607811223,0.1808469582614128
2984,0.0015453043674341,8.80517343432911e-10
2990,0.1017366393874888,0.7572486034596656
2991,0.0028921728357048,0.1332039192429923
2993,0.5431356620742097,0.997553769048799
2995,0.0056990670678903,1.645339917782603e-13
3001,0.0429575062706432,0.5288023721838738
3002,0.0975904064822201,0.5520307139891415
3006,0.1516615802964677,0.9994020952488644
3017,0.0812900572641642,0.8472942166274233
3018,0.0074678739556429,0.1860212063912873
3028,0.0028580577725902,3.4518937384679725e-15
3034,0.0099883675296406,0.3461613380722673
3050,0.0070039249414708,0.2561830404175164
3064,0.0182599703154863,0.4352606344835609
3066,2.351722393763796,1.537955357061355
3074,0.020731923129154,0.4787280064712508
3085,0.0188245136910867,0.3830262530811704
3088,0.0029504755785976,2.7153934628275484e-15
3095,0.0072835004810458,0.1123684072426204
3104,0.0060415639985629,4.256490263562811e-10
3110,0.1829039739623917,1.0602806815037853
3122,0.0353768497233308,0.4423663451721831
3123,0.0092346971208309,0.3245119208465964
3124,0.080604653552438,0.7401847757259996
3130,0.0057371180210959,0.1468801613100653
3143,0.0080912653591198,0.1858547624183698
3144,0.0046737499082825,4.415492205159951e-15
3150,0.6196974366079218,1.3478464866946156
3172,0.0279572672937226,0.8532262435579168
3175,0.0235965753083527,0.5974957771246339
3176,0.0106883962355067,0.1248437199597763
3180,0.0077315958904426,6.353105956241634e-12
3183,0.0660584943907476,0.9102476097805604
3188,0.0322801497954857,0.6495461822652888
3198,0.0299850801252776,0.4999482996003038
3203,0.0023916971636492,1.3904262482070155e-10
3208,0.0080638259260525,0.3209273902011789
3215,0.0033047873336036,0.1774731850634016
3230,0.0106527337998296,0.3457567416569389
3233,0.1108004131858185,0.8871954814279438
3247,0.080632010588084,0.540117203371657
3281,0.0193248913412599,0.4235911155987307
3287,0.0180207798158356,0.3799451945443262
3293,0.0980562176648813,0.8773786276541471
3303,0.0060916308399231,0.1088642100010043
3315,0.0209311822498023,0.466340999210149
3317,0.5457802995956436,1.0241687951710134
3320,0.0695729547939237,0.7303037734826445
3331,0.0124357406666299,0.6928878413629581
3346,0.0107523738168448,0.0413427981686338
3349,0.0318248098523782,0.6645838767233583
3352,0.0046461376816677,0.161262512947322
3385,0.555832850511632,1.672184740245672
3390,0.0566244883141676,0.6170029978412733
3400,0.0308083186606931,0.6825848750934443
3423,0.009035526830676,0.4327175633068694
3439,0.0428495715569863,0.5645854044899176
3441,0.0096950152981578,0.3125174745629744
3444,0.00923327512623,2.53629534967614e-12
3467,0.0183971551060084,0.3495122622503855
3472,0.0067055253115653,6.934506032729416e-13
3478,0.0574242373801241,0.6754236720988248
3480,0.047117657827586,0.7538372469441326
3501,0.0043257532142621,0.0544584496173036
3515,0.004688383462155,0.0262865429825882
3524,0.2780902665344299,1.096644474009529
3545,0.021659291084499,0.4807063709819151
3552,0.03042348202178,0.6458195160314958
3558,0.0067429008666945,0.1058374221340573
3571,0.1118032845914438,0.7175717576467345
3572,0.0240275643780023,0.8228433612400269
3579,0.0051203839138603,7.646863156903108e-12
3591,0.0202215390883726,0.39585271514583
3598,0.1470844833115327,0.8088441597080998
3618,0.0153124478170739,0.4889160718489723
3619,0.0029066273102516,7.794657619277116e-13
3623,0.0482553990581641,0.5304091555760094
3624,0.0029144123180984,0.0563444293302216
3626,0.0655258354999702,0.6481078420163168
3642,0.0173313052091101,0.3729352978210333
3643,0.0270327739529377,0.5432715526378998
3646,0.0193061005495703,0.4891842343931244
3647,0.0205425817145586,0.6535500437269915
3651,0.0043992449509207,0.2977878284140587
3667,0.010738818618449,0.1535104158646677
3675,0.0025253085259544,0.1382072534214254
3677,0.0043800397919351,0.1170629588198189
3681,0.7804649170580505,1.251023711770214
3689,0.0405310414457371,0.3459549552958508
3694,0.0030931342830229,0.2882786412613532
3733,0.0258835199685398,0.4136418039983457
3756,0.1867513714887305,1.0022407431342175
3794,0.0025995994220423,0.0663736826681922
3795,0.5054317372901957,1.0318296037054873
3797,0.0850256002651459,0.7971815437340442
3808,0.7008371107694491,1.37479819383499
3810,0.005390495511948,2.7358693364421018e-11
3819,0.002943477675655,1.653733850645444e-12
3826,0.0147529907455703,0.4326800637615692
3829,0.0110177840500965,0.3813000554969552
3834,0.0074557072131315,0.0486298639601531
3837,0.0426814116396142,0.4963477406654242
3838,0.0056986008211585,0.4083660382125697
3842,0.3789722600330524,1.0628248052785396
3856,0.0023623746707691,0.1450312725393597
3857,0.002131232438586,1.1151551633665563e-11
3879,0.0047202588898331,0.0408347542404764
3884,0.0021511394695883,0.0405439162776906
3888,0.0059837243283403,0.3396640049383473
3892,0.008479132249629,0.2194570491283895
3905,0.0200009697589566,0.1849469158729766
3906,0.2010162686677363,0.9887292788316722
3907,0.0048792329526849,0.2301854679931458
3916,0.0961599310246124,0.9167849196565376
3922,0.006935646591123,0.0741427254534711
3946,0.0318996956143392,0.5615940679411137
3947,0.0072448626144797,0.1184590700576878
3950,5.37932438801363,2.5022672264082613
3952,0.0437780705341671,0.9078892331871814
3958,0.0090036207075813,0.1253433210496665
3970,0.0112210563515603,0.1633667489299274
3975,0.0219410212767166,0.6724140793532384
3979,0.0126145938504683,0.3435094509063676
3980,0.1395133299524155,1.009849918021712
3985,0.0373944925395638,0.6788835403769166
3986,0.0207218285456148,0.2923889129607994
4004,0.0071806786969269,0.3121413012261688
4007,0.0058214706525872,0.3594464808518154
4030,0.0170773518864775,0.3881608781093004
4044,0.014367936956544,0.2766690927331862
4049,0.0149442829298061,0.7114211674603593
4053,0.0350513909551306,0.6436462894377236
4064,0.9407125527780232,1.4535234685900635
4078,0.2469500362577173,1.1553240095506656
4093,0.0822538042199921,0.949968581622772
4112,0.038381400315952,0.5091013838848066
4120,0.1097730287001546,0.624779320413639
4124,0.0054153222307576,0.1580475149867604
4129,0.0202693180153486,0.6103523318591918
4145,0.0155377043998509,0.5257004368377
4146,0.0050126742848692,0.2926254328488337
4160,0.0687539966665763,0.8539726416398246
4176,0.025451098002887,0.6718369565664286
4177,0.0211950294237194,0.5861578158821128
4180,0.2403397839002957,1.0621380960242617
4182,0.0572312208202701,0.8991248653194042
4203,0.0032457782284419,0.1518601733834584
4204,0.0071493182576252,0.3053466052460173
4208,0.005624371052213,0.2194366036252684
4210,0.006575609624015,1.3797252884976068e-12
4216,0.8641212836685652,1.1877587874143962
4217,0.4237570760931446,1.4573579477358645
4219,0.0042047213266531,4.3589339795553433e-13
4238,0.294094963876826,1.2690362715733603
4244,0.0029959181959891,0.0254805723106889
4245,0.3049506837464861,1.1241047452490407
4260,0.1083437726796633,0.9187239872058746
4264,0.0114869125517991,1.4024526005743382e-12
4267,0.0025573499253926,0.0273304542751799
4283,0.0078115005981806,0.0233481330443043
4287,0.0049399993671759,0.2562326794251572
4293,0.0075478256051847,0.2854463973895219
4295,0.0467072897253769,0.8183815475371363
4300,0.026902610887214,0.3931361191177221
4322,0.0060269979928149,2.1661615250799883e-15
4328,8.326100742000582,1.957803027195364
4332,0.0065350976305813,0.0685081433078513
4355,0.0303684747713727,0.3767970370778771
4380,0.0070488358754206,0.3502353936164107
4381,0.0630107028272605,0.7276919109725526
4390,0.18884736321884,0.9877065910105752
4396,0.1780542934711687,1.249569223698569
4402,0.1484031580640735,0.9157491942503068
4405,0.6762588400128532,1.416274103783031
4413,0.0349692960443608,0.3526609269283584
4431,0.014633174893417,0.2899648922327875
4439,0.1523055818291767,1.0880348433391354
4444,0.0113781427469495,0.3376309744188981
4455,0.0037466261553027,0.0128623596048501
4467,0.0073228490718355,4.408706354631244e-11
4472,0.0267179839113729,0.5781421243073204
4481,0.0093095701669802,0.2162718452650358
4486,0.0096436828393929,0.2273049276896012
4488,0.0292189640139103,0.5614245714052988
4489,0.0106688878868825,0.124285173024595
4496,0.2297282628490976,1.016072888429493
4500,0.2985807404073259,1.0519717418080046
4520,0.0078328327522051,0.4307639729547751
4522,0.0148263627332585,0.5489545643574109
4524,0.0036442361647638,0.2007383932835794
4525,0.061434569989579,0.7811631369371772
4527,0.0023324115010084,1.337717537596738e-12
4530,0.1257756284488744,0.7782497460059282
4534,0.0168399267677975,0.5445487155520361
4551,0.0178239556513621,0.3208541569233265
4561,0.0178093434723511,0.4658359476395582
4583,0.0176451996998111,0.4037966620391356
4588,0.0466853237526189,0.312432768720792
4597,0.0298700710349452,0.5097927885781977
4615,0.0082810445319952,0.2110889489717196
4617,0.0120739034476364,0.1195175605567608
4618,0.0223509581343938,0.7039919558657804
4621,0.0303182649850103,0.3319284723053659
4624,0.0057724974894832,0.3134004906920092
4632,0.0080093180272104,0.196264332916164
4633,3.112374943933872,1.888786855390482
4636,1.0973005443921358,1.5655294866282168
4637,0.0013274586878342,0.0090954075231852
4639,0.016293137117588,0.5318873661207169
4644,0.0041975300029787,0.3365326711636825
4655,0.0245935290470762,0.6791288760141577
4662,0.0943175877760731,0.675831392790813
4666,0.0456422684004985,0.3727306359476435
4667,0.0728700500385625,0.698450235570942
4674,0.0386064261195471,0.6281371787856999
4675,0.0011587833698102,2.1867623129203365e-11
4688,0.0853047481407475,0.8107713575406473
4689,0.0305365821793169,0.6752307510203388
4700,0.1569497367420732,0.9076917674807604
4703,0.0601568799843958,0.5186525835483953
4705,0.0543667664996499,0.4675472921449694
4723,0.0066208848012217,0.3557771446974792
4733,0.0186179661308988,0.4294306546496093
4737,0.0752240011625725,0.7539410730605971
4764,0.0046553400762267,1.5868751672193877e-11
4772,0.1953637061034916,0.8183843523484139
4780,0.0585014018215594,0.6789404471398216
4796,0.0169691710253677,0.6642390650972885
4798,0.0669962186524601,0.7483617503247976
4813,0.0274201109304059,0.1843430457468224
4819,0.0372882179506107,0.4185841899053727
4830,0.0034134608950205,1.8683173663686782e-16
4833,0.0022149885732798,0.0423858396497553
4836,0.043554533816692,0.8423031806549847
4840,0.0081580681606268,0.1440775606468467
4845,0.036817316002483,0.5269686878714136
4848,0.0281289224337066,0.4335981317450764
4850,461.01642495812666,4.134817395324772
4860,0.1627292514455739,1.071198069661308
4872,0.0599354482942665,0.4480864176391142
4874,0.0158221478073489,0.5546714585945377
4875,0.1787135968773089,0.7911173754340968
4878,0.1040623438495749,0.9259357600054468
4879,0.0044794478619912,0.1083582300342605
4888,0.0103106576921487,0.416291414453964
4901,0.0004439502844102,0.0075108000373355
4905,0.0321590127508808,0.6050760579805801
4909,0.0287792669801952,0.4349338456372879
4930,0.0290079840510436,0.5862715652509917
4932,0.0343707651012074,0.4448772966676995
4944,0.068276402687711,0.5095415505137937
4950,0.0089855125853083,0.1074913488245252
4954,0.0091158613086119,0.1506863490117017
4956,0.1327279048945029,0.6133197050302519
4978,0.0159437951970462,0.5019084588350613
4981,0.6179563141742307,1.1974170232880783
4994,0.0767580196908524,0.8895079869829009
4997,0.1542237226694427,1.0491072425602792
5002,0.2162153850157667,0.9085090961488356
5004,0.0251434530864939,0.5878195137258522
5018,0.0142757811484651,0.4820398580941958
5025,0.0079169666968967,1.3997373532310013e-15
5026,0.0462587006335729,0.4695845731974822
5059,0.0275495539238547,0.65360783437613
5060,0.0015809426353268,4.923785334093107e-16
5061,0.0717197999809255,0.6997068317487856
5072,0.0068268632719015,0.2222099969297629
5075,0.0181032689377061,0.7267366051634985
5078,0.0307045150577928,0.5695896814598459
5079,0.0158549805557052,0.2261181394981669
5081,0.0133713796579547,0.3305255872601455
5085,0.044036943329478,0.354514894812527
5092,0.0306370724929193,0.6105948882600257
5103,0.0044285746106864,0.2571856585621123
5105,0.0606130690504481,0.6536004070903146
5114,0.6784600455548725,1.0229862120151303
5133,0.2183465935381333,0.8936405240032246
5146,0.0025205236977978,0.0271123616296188
5150,0.0925279388126573,1.0286347705563663
5151,0.0039462113352523,0.0293156847550032
5153,0.0346358312527875,0.4643425317079058
5164,0.053141930139673,0.7015683554065815
5173,0.0027341129206781,1.428512181314406e-15
5207,0.0164207392396908,0.2442373353440065
5213,0.0100618642998219,0.2731047604194486
5214,0.0020187468173557,1.218908277148826e-11
5219,0.0260313996702845,0.6240501449592225
5236,0.1368763158837359,0.573819927479599
5248,0.0267746013757597,0.4892369203599164
5250,0.1208409738349818,0.7806367080162562
5263,0.0444632917853215,0.7683958930569965
5267,0.009064809611008,0.1654430305902739
5281,0.0282664898003851,0.5062405927635509
5290,0.005850440555962,0.1363480077228004
5303,0.1034838407742369,0.9426571586086752
5337,0.0160456600479674,0.3439984393815418
5342,0.0379617429939068,0.6920346380206377
5345,0.362399336972292,1.055105682580925
5349,0.0510522530218366,0.4648483406715454
5352,0.0047402261069841,4.76358316244395e-13
5353,0.1420543419525173,0.732932258960464
5354,0.0139188070870379,0.4678726623661945
5364,0.0285489335274825,0.5945909959047468
5366,0.0032183840778343,0.130243715443983
5375,0.1027695141425897,0.9235680699396396
5378,0.0108843973022569,0.4658941874636111
5385,0.0124812505533838,0.2557543102277415
5390,0.0068775902783854,0.371731958400001
5400,0.0081939618295538,9.48605675342638e-19
5410,0.0249702788379216,0.57075285150717
5422,0.1763169185679704,1.173945231912089
5426,0.0111049333086399,0.2261804764842247
5431,0.015389361634447,0.5087470650037234
5432,0.4585653986681698,1.1157301473768215
5433,0.0728819158458895,0.7881281144566794
5434,0.0035302386008091,7.207466786719426e-13
5474,0.0057004593918298,0.2043484390122457
5482,0.0162194186836259,0.435183056340252
5486,0.0220860894528983,0.718449463813242
5500,0.0064728361411873,0.1039716225057994
5507,0.0121611856866898,0.3620497022250693
5514,0.1153351183579221,0.9332292449500303
5524,0.0027595738106986,4.873033598536199e-12
5525,3.29096200323814,2.0943819720022074
5535,0.0381704551639797,0.3772952086606682
5540,0.0497762582336601,0.7575908242752954
5566,0.1899601377210371,0.7979731392398978
5571,0.0040461113582169,0.0687034948816737
5572,0.0201053774242746,0.267554138306612
5595,0.0458392449900816,0.6514889085416599
5597,0.0852736970111177,0.9575059754193248
5609,0.0069268283888672,0.0086367140014944
5613,0.0181763358457767,0.4463003842217384
5615,0.0658790487648751,0.9170739971498816
5620,0.0120440435668863,0.3088294951814904
5623,0.0367265902979767,0.5687983589690145
5630,0.0462574774232593,0.8567667211543187
5638,0.0856264865314462,1.0425829537178253
5646,0.0325931051351499,0.1338077397620693
5657,0.0082952472705289,0.0201413522774858
5669,0.0903196208414364,0.8520023876128614
5672,0.0141211743410474,0.1500961731691003
5673,0.0047731105386724,6.766241414305728e-15
5679,0.0042356333543557,0.1118230152109149
5692,0.0368544490620103,0.7473952080687907
5700,0.0062673028736871,0.0995433988877871
5701,0.0022292972324193,4.279101574155345e-15
5707,0.2454331673881389,1.2191413429110909
5715,0.0160272100170169,0.3317060443453525
5734,0.1371209264400975,0.9343327443371288
5742,0.0228179506659746,0.4107390864481973
5743,0.3489946969516572,1.4672168217761752
5744,1.7067620618279908,1.549963768405162
5769,0.0213467889533402,0.4366579544180234
5771,0.0031215384893421,0.1186175238478891
5779,0.0287375386013485,0.4934650712971672
5798,0.0340136176747782,0.3554010476306206
5802,0.0042431921278268,5.3081573958322844e-14
5814,0.0235516835103347,0.6179067282701711
5827,0.14705258430013,0.9533643571886437
5830,0.0118962075441014,0.3071344620626617
5852,0.0149381017031444,0.097863481934258
5856,0.0035603510766918,0.0051908040539037
5863,0.0394298408888076,0.8012662880876296
5874,0.0155193911346164,0.4844545836183344
5877,0.0082279640980248,0.348805843309769
5882,0.0028270761900987,1.117115294139804e-12
5883,0.0504956873529292,0.6881119131663814
5886,0.1845749967215239,1.034712564967009
5895,0.0125869408232289,0.3638268105601075
5912,0.0118324130692596,0.3440930689774916
5914,0.5664364812906034,1.544351279819373
5917,0.7254444762733377,1.2203291280755604
5923,0.0026869790850981,0.223374362052242
5925,0.1724779476547457,1.0114618973606375
5927,0.0204166938923343,0.5337609539521149
5940,0.0374697251982945,0.3123408943485899
5948,0.2602471586527844,0.9690485229597776
5949,0.0098213222665426,0.1797735201616997
5953,0.0242501877182035,0.5773815168741395
5958,0.025404391095232,0.4843896509090599
5972,0.0112844146629719,0.5146080345573825
5980,0.0190205648085799,0.6964586374095889
5985,0.0112009250814525,0.4571019770622416
5994,51188.35126752482,5.870686010255149
6000,0.0128451521014554,0.3113187265382018
6001,0.00568583319078,0.0113436972727037
6005,0.0198757423854152,0.6697326040184715
6010,0.1112789470817785,0.8004450092248928
6016,0.019825360520993,0.4071421245868414
6017,0.4417487779319377,1.4861856128362896
6021,0.0623414253385745,0.7609683220341754
6034,0.1588137473878805,0.6911161524591042
6043,0.0064859489280857,0.2220801683882622
6046,0.3281564076828159,1.100265060448527
6048,0.0410973059573612,0.5275813775258131
6054,0.8789985501037869,1.3742693117069358
6072,0.0012287112011134,0.1252204362024202
6078,0.1242658523044885,0.7542794619604545
6081,0.0736993884138926,0.5837085354920336
6088,0.0296605539403388,0.941029224123282
6096,0.0165140387558476,0.43767841430916
6100,0.246565437973529,0.979738010758568
6113,0.0120785231236961,0.0496761901122217
6115,0.0069295048343745,0.0237532025931195
6117,0.2577156554513972,0.7117153615508928
6140,0.0059266920902798,0.1525379370652178
6141,0.0056234583450174,0.1224080541583083
6144,0.006428149027054,0.3455345541380401
6145,0.0163269638791849,0.3242799626664036
6153,0.0897360220783396,0.5221310884986815
6154,0.5553222500938755,1.117511935825275
6156,0.0665292607036444,1.0219866499426669
6169,0.0276544123432683,0.44609716981673
6175,0.5461376324954295,1.310927198389404
6177,0.024471515480562,0.5379678514741232
6182,0.0528918145012942,0.6378830575988147
6184,0.0262026378448494,0.7700072633643988
6207,0.2149160480242629,1.1772841382870052
6208,0.0085976594176799,0.3215465415559973
6213,0.1834651771908145,0.9302030998715628
6216,0.0563352330269681,0.5950212746094542
6229,0.0098990382350671,0.4986530325955443
6231,0.2926474269270765,1.136716204154906
6243,0.1401003966274599,1.2910501786171504
6254,0.0082484837777498,0.2272299004078
6272,0.0113547968080743,0.439336051084798
6274,0.0061811734152321,0.0626723149709661
6281,0.2337723777697428,1.23618198610744
6284,0.0147899050482917,0.363971923942245
6288,0.0045927395231765,2.2817236557196786e-18
6289,0.0035728342885284,0.1972697846494144
6292,0.0102054247856288,0.1317116352060169
6293,0.0029412278344904,1.7332594629238276e-13
6295,0.0446292582385189,0.1714652852585128
6298,0.0520399012225313,0.91959550444478
6301,0.0426100115787114,0.493787296401843
6307,0.1541619834512732,1.0014096433008284
6320,0.139704283957532,1.129961588289777
6321,0.0136575359181385,0.3260220149391082
6323,0.0275127123495811,0.641096635256441
6355,0.1464255733678081,0.9283639116171304
6359,0.0050439854203555,0.3534025694534736
6380,0.0148373643429769,0.2725145543790565
6381,0.0026500716138702,2.009704397498997e-11
6382,0.0363451096317964,0.9343575492220044
6388,0.0152327417488644,0.1916385346984525
6389,0.4500245210285458,1.5566342218204392
6391,0.0980485630796241,0.6153477527998246
6392,0.0065388599306194,0.0382360249137477
6413,0.1196782694632883,0.7432911195649602
6416,0.0145667421097278,0.1322606549853848
6421,0.0034256593793501,0.0919241225249568
6428,0.1644486427149104,0.7165466610636357
6430,0.0930100757895123,0.747041374899938
6433,0.0030477162830202,0.0583905412948666
6435,0.0507811696840197,0.7727986669782455
6445,1.113924602843945,1.6746240066414062
6446,0.0284398611413105,0.2609627060224381
6447,0.4348031617702901,1.2424306240069332
6451,0.0053766511115742,0.1785186057439864
6457,0.0037202875701972,4.0548826270497165e-11
6470,3.482416842785345,1.568764625376295
6480,0.0272235939066367,0.5563370390578194
6489,0.0029073378502719,0.2942272725853623
6496,0.0163851423468699,0.398869128302593
6497,0.0041165327609455,1.1829336779560783e-11
6507,0.0072036508327381,0.4054443043225733
6509,0.0043936173429076,0.3021505691423207
6510,0.010693658782851,0.3103188383045507
6514,0.002036829398831,4.3581878497967057e-14
6526,0.312845456428417,0.9978490098231432
6527,0.0170411256023139,0.2881107433485597
6539,0.0053111789506888,0.0464323346347276
6546,0.0375387910759637,0.5773107842335405
6552,0.002096589621556,1.6744510575886985e-13
6553,3.5463393730392894,2.369824101493789
6556,0.4656741165636787,1.1050731019313682
6561,0.0133413748571888,0.2903091932630926
