track_id,condition,D_fit,alpha_fit,r2_fit
4,DMSO_0.1pc_30min,0.026531340768313025,0.5335771806457422,0.97735660569711
6,DMSO_0.1pc_30min,0.07457760256710376,0.8695862128313446,0.9889962628701616
7,DMSO_0.1pc_30min,0.0011814125958626114,0.01329728536425199,0.008918260006140932
8,DMSO_0.1pc_30min,0.0456449141194031,0.8431097735475912,0.9954630977815766
9,DMSO_0.1pc_30min,0.05024538410167974,0.16587890488150084,0.06739535628972237
10,DMSO_0.1pc_30min,0.0018321609962755302,0.017533349844216596,0.023814240351770377
12,DMSO_0.1pc_30min,0.0020620941473211206,0.16634294508488834,0.37058052887657356
16,DMSO_0.1pc_30min,0.005047034565359945,0.15722210817223006,0.6240004288607084
17,DMSO_0.1pc_30min,0.028602186553337485,0.737914109923539,0.9755223807497355
18,DMSO_0.1pc_30min,0.0051582710977911275,4.393508492268889e-15,-5.10702591327572e-15
21,DMSO_0.1pc_30min,0.03238293714748715,0.6973412177310467,0.9974220182289569
24,DMSO_0.1pc_30min,0.006517856417491108,0.2808206956748251,0.9438920396680618
25,DMSO_0.1pc_30min,0.018350262357298457,0.764527767658409,0.9865768281228993
26,DMSO_0.1pc_30min,0.008414321748194977,0.14734470966531377,0.5547714895133642
28,DMSO_0.1pc_30min,0.018458111833264505,0.2911356702903194,0.9177723637301948
35,DMSO_0.1pc_30min,0.03675917869395402,0.9056148684378267,0.9954246694920883
36,DMSO_0.1pc_30min,0.03609240604476164,0.7943246354279512,0.9940396130879072
37,DMSO_0.1pc_30min,0.004309096432016707,0.14736670304776522,0.21012717874119358
38,DMSO_0.1pc_30min,0.3300988305610042,0.9561672068613882,0.8806759120385934
41,DMSO_0.1pc_30min,0.0016657624248595842,2.598282801299837e-12,-3.653521929436465e-12
42,DMSO_0.1pc_30min,0.005139579882086785,0.17181355125803885,0.8540821272510395
47,DMSO_0.1pc_30min,0.03003230464170308,0.8175901587831875,0.9920656149041007
52,DMSO_0.1pc_30min,0.05620117276571747,0.8758471674193881,0.999247032239106
55,DMSO_0.1pc_30min,0.013439491746201874,0.23751352544479698,0.8322996510491901
56,DMSO_0.1pc_30min,0.022396684478345738,0.4091482672360324,0.9077340788060922
58,DMSO_0.1pc_30min,0.007855821874816928,0.48858439254912917,0.9299736172061067
59,DMSO_0.1pc_30min,0.01505062434586419,0.31761537532575423,0.8804915058800455
60,DMSO_0.1pc_30min,0.00437075208068627,0.33248959583852705,0.9478689214133024
61,DMSO_0.1pc_30min,0.0031634214118782585,0.14385266810609157,0.39252620849817077
62,DMSO_0.1pc_30min,0.012090144847088764,0.35820081632242246,0.960922335530217
63,DMSO_0.1pc_30min,0.014351649828766721,0.5163622556193612,0.95515285149487
68,DMSO_0.1pc_30min,22.729729738818,1.9294662335873904,0.9979064768750248
69,DMSO_0.1pc_30min,0.032661158140578184,0.723563258692081,0.9903636108739132
73,DMSO_0.1pc_30min,0.010703387166781967,0.3666303478387973,0.9679019239623498
75,DMSO_0.1pc_30min,0.022782448129940312,0.6610242698941797,0.9969208059740396
76,DMSO_0.1pc_30min,0.05469641212832741,0.7642603636628619,0.9888959304016629
78,DMSO_0.1pc_30min,0.003433297008226056,0.014360506189194397,0.0009117217855707516
79,DMSO_0.1pc_30min,0.036305763825314745,0.6641950006654556,0.9904800372052859
83,DMSO_0.1pc_30min,0.010995992552331345,0.14088669025880887,0.11206363773141448
84,DMSO_0.1pc_30min,0.10803630393348083,0.9243881855324843,0.8687349283833612
89,DMSO_0.1pc_30min,0.032601146420213785,0.1874831986831981,0.356248909357601
91,DMSO_0.1pc_30min,0.003720346893286396,1.8899800162762205e-12,-4.227285188562746e-12
92,DMSO_0.1pc_30min,0.022565298259198657,0.4811332662576574,0.9004818472964513
94,DMSO_0.1pc_30min,0.07605197805120006,1.002718412868708,0.9879097681895812
95,DMSO_0.1pc_30min,0.019830192119726663,0.533350985225509,0.8265276864576592
101,DMSO_0.1pc_30min,0.07979747007759855,0.9724491614367624,0.9579987242658586
102,DMSO_0.1pc_30min,0.05820466519342596,0.7996159051522884,0.9610385857841255
103,DMSO_0.1pc_30min,0.010356822693590007,0.5335381228412951,0.9988488447788437
106,DMSO_0.1pc_30min,0.004055024083319112,0.031204159827384156,0.019726319555721905
107,DMSO_0.1pc_30min,0.14688748806981633,1.0281988152590058,0.9982501460928132
111,DMSO_0.1pc_30min,0.03438774611545203,0.6922437859020978,0.9928193004935049
117,DMSO_0.1pc_30min,0.3329639126909965,1.188427003244703,0.9915719502084948
118,DMSO_0.1pc_30min,0.38718684318374413,1.4431109341446025,0.9765974323039919
119,DMSO_0.1pc_30min,0.05694757079772638,0.8678790400126722,0.9977005563314616
120,DMSO_0.1pc_30min,0.03243406202546158,0.7910953701250238,0.9989118080542712
122,DMSO_0.1pc_30min,0.02017698746188298,0.6293438122834977,0.9896728682254504
125,DMSO_0.1pc_30min,0.04027567225836266,0.4823347300398843,0.7262641196404855
126,DMSO_0.1pc_30min,0.285548441967844,1.2133414593542002,0.982937866086636
128,DMSO_0.1pc_30min,0.05387338710547402,0.6860101409171763,0.9830515999829669
133,DMSO_0.1pc_30min,0.005094201400396699,8.728236760164166e-12,-1.3802292642139946e-11
135,DMSO_0.1pc_30min,0.012208623712217658,0.40000622443671585,0.9557815334900198
138,DMSO_0.1pc_30min,0.038477617499627595,0.6322860724559447,0.9831727121682926
139,DMSO_0.1pc_30min,0.0385756119496044,0.8182960350115485,0.9942213352784735
140,DMSO_0.1pc_30min,0.013151451486260858,0.6146571105106803,0.9820222382237225
142,DMSO_0.1pc_30min,0.042168479236560925,0.34255929425874704,0.4168581870542768
143,DMSO_0.1pc_30min,0.2850971208081334,1.1644435087781404,0.9937093298153179
144,DMSO_0.1pc_30min,0.02823150385261537,0.3167696730687072,0.7614364710055251
145,DMSO_0.1pc_30min,0.007199992663130659,0.1256939964954375,0.1906426237212585
146,DMSO_0.1pc_30min,0.004416534033556656,0.28013186483804253,0.7209337006796745
148,DMSO_0.1pc_30min,0.009986624301708864,0.3513134230618696,0.7998755171054911
149,DMSO_0.1pc_30min,0.03488089833233167,0.787639169281731,0.9967221386005177
152,DMSO_0.1pc_30min,0.02310591246341525,0.5910016535183128,0.9899655771800905
154,DMSO_0.1pc_30min,0.008612919269943356,0.4177067199170757,0.929134920936375
157,DMSO_0.1pc_30min,0.0485117451102484,0.7868638161260505,0.9968168220146815
161,DMSO_0.1pc_30min,0.08357965498593214,0.801266555830261,0.98509508018213
163,DMSO_0.1pc_30min,0.13801678868431555,0.9447409316681006,0.9953025604089804
164,DMSO_0.1pc_30min,0.029235885055613274,0.6025024309102374,0.8925522983500879
168,DMSO_0.1pc_30min,0.08043710004710614,0.6996656525649387,0.9915507430982602
170,DMSO_0.1pc_30min,0.02747292011621095,0.7747111263210281,0.9863209643720857
171,DMSO_0.1pc_30min,0.08573448640565692,0.9962754242724353,0.9971558468492153
176,DMSO_0.1pc_30min,0.014784263182634974,0.35289183575975186,0.7762707768761963
177,DMSO_0.1pc_30min,0.04541232958441457,0.37986545324861787,0.9538635528960837
180,DMSO_0.1pc_30min,0.05482749862723124,0.5293476693919271,0.47144754571853376
182,DMSO_0.1pc_30min,0.015272380021335248,0.4339789070737121,0.8662346615004974
188,DMSO_0.1pc_30min,1.3186745498542143,1.429155454207195,0.9952439255889626
190,DMSO_0.1pc_30min,0.017936481085500073,0.550579650366493,0.9925246222562661
192,DMSO_0.1pc_30min,0.06633317018399937,0.864605653629994,0.9942829722723435
196,DMSO_0.1pc_30min,0.05750730030069074,0.7128627935791663,0.9723997956597384
197,DMSO_0.1pc_30min,0.05355235928810044,0.7850350484696085,0.9972850617676445
199,DMSO_0.1pc_30min,0.1545212671691377,1.1777573743245604,0.9929429827121904
200,DMSO_0.1pc_30min,0.10451034967134906,0.9832952818989406,0.9969288790982347
203,DMSO_0.1pc_30min,0.08331691303216496,0.6044891760925357,0.9870126553991065
204,DMSO_0.1pc_30min,0.02203310309614687,0.17302054916785867,0.1981070004458857
205,DMSO_0.1pc_30min,0.08218450848939055,0.9765137265292965,0.9916490510826554
206,DMSO_0.1pc_30min,0.032435665535951876,0.6865616013169161,0.944060978080969
207,DMSO_0.1pc_30min,0.00982911466323782,0.2870898489789904,0.220215167214455
210,DMSO_0.1pc_30min,0.04252122011296895,0.4480370788587043,0.9124926710725128
215,DMSO_0.1pc_30min,0.01912134109983092,0.1746910127709264,0.8249359432230526
217,DMSO_0.1pc_30min,0.07321528527127473,0.5564250967419322,0.941003779756587
218,DMSO_0.1pc_30min,0.0030000955006462215,0.04158495648768021,0.03175487405117938
219,DMSO_0.1pc_30min,0.05157523616438596,0.8467782321217319,0.9983845961443338
221,DMSO_0.1pc_30min,0.09611249976167144,0.8627733896009547,0.9997619029335783
222,DMSO_0.1pc_30min,0.059763672340448735,0.8900283307438965,0.9983600724662508
223,DMSO_0.1pc_30min,0.025372812201193168,0.6149700508218107,0.9959867868955689
224,DMSO_0.1pc_30min,0.013546217943313914,0.28064744717569295,0.6009575272086101
225,DMSO_0.1pc_30min,0.3729456368749505,1.3605437816381394,0.9720631309744083
228,DMSO_0.1pc_30min,0.0034668310165805755,0.1432747933506135,0.6980341730858826
230,DMSO_0.1pc_30min,0.06517095511360295,0.8507474562955467,0.9978781277162487
231,DMSO_0.1pc_30min,0.056787111736581485,0.7443715204699579,0.9781912185222356
234,DMSO_0.1pc_30min,0.047074123110422694,0.842022041312415,0.9960142943690647
236,DMSO_0.1pc_30min,0.002184812952253049,0.3055610645565245,0.5802786026523648
237,DMSO_0.1pc_30min,0.06821961521417601,0.7352479734186461,0.9416449007591638
240,DMSO_0.1pc_30min,0.003282559450219796,0.02132607817134345,0.009950235062034074
241,DMSO_0.1pc_30min,0.08195848446576258,1.0140153681960449,0.9994526079425832
244,DMSO_0.1pc_30min,0.20748925166825846,1.0591914400642142,0.9998334969961027
245,DMSO_0.1pc_30min,0.009123963480731311,0.5007644323021471,0.9673949124865591
248,DMSO_0.1pc_30min,0.031201363138000267,0.5199590707560465,0.9706626675146197
257,DMSO_0.1pc_30min,0.011461108782577448,0.2529015254891025,0.3394409477964314
267,DMSO_0.1pc_30min,0.0018192787200995895,0.06764205127259289,0.280725243718676
297,DMSO_0.1pc_30min,0.0031438119601530164,2.611267858028135e-13,-7.971401316808624e-14
300,DMSO_0.1pc_30min,0.05258705882299585,0.39390107140601566,0.7506592684075136
333,DMSO_0.1pc_30min,0.03460839040745363,0.35466528466230984,0.7953829223033922
347,DMSO_0.1pc_30min,0.010304241079442297,2.421008815491662e-16,-2.220446049250313e-16
370,DMSO_0.1pc_30min,0.0067047536757435175,0.2219741806515608,0.2623764817381966
377,DMSO_0.1pc_30min,0.06624372167435716,0.7993163913947442,0.7444717108890346
379,DMSO_0.1pc_30min,0.004516808927605149,0.1737701145152831,0.34254696646218863
400,DMSO_0.1pc_30min,0.10349800795071608,0.7932790688511583,0.9916506358964613
403,DMSO_0.1pc_30min,0.023177284968403038,0.6229968522473299,0.9623174138009964
407,DMSO_0.1pc_30min,0.05316579674615088,0.6497578875801042,0.8822998176615156
413,DMSO_0.1pc_30min,0.3316124454278582,1.2674498287053815,0.988181021939235
433,DMSO_0.1pc_30min,0.009405163105880373,0.10673437288990784,0.3065967484142489
442,DMSO_0.1pc_30min,0.01841519482167442,0.619669491115155,0.9533988349939468
447,DMSO_0.1pc_30min,0.008617757482990632,0.40621832101281746,0.6785270770440797
450,DMSO_0.1pc_30min,0.002626306821882387,4.563254422433086e-15,-6.439293542825908e-15
454,DMSO_0.1pc_30min,0.018870362882864113,0.4506173596327347,0.9575784991187221
466,DMSO_0.1pc_30min,0.013176821853426536,0.34262997590440664,0.6085060362680067
472,DMSO_0.1pc_30min,0.5033380850960383,1.1588384807286674,0.8983805716330446
503,DMSO_0.1pc_30min,218.80144581148383,3.0673315890049793,0.8815611033270455
516,DMSO_0.1pc_30min,0.02273569984475169,0.26792236135697944,0.8003236303465099
531,DMSO_0.1pc_30min,0.0012440621698408452,2.09090959258011e-14,-1.2434497875801753e-14
533,DMSO_0.1pc_30min,0.017613980679865273,0.3678216687511102,0.8345637898261096
543,DMSO_0.1pc_30min,0.19642881575113216,1.2856767979533554,0.7030224242123251
548,DMSO_0.1pc_30min,0.04451708806868135,0.706966314638237,0.971423037808605
549,DMSO_0.1pc_30min,0.00317840582768188,4.312172460599597e-16,-4.440892098500626e-16
561,DMSO_0.1pc_30min,0.08188082497324338,0.8619366514560517,0.9972942005211305
582,DMSO_0.1pc_30min,0.8987484688365743,1.1558773726829232,0.9557533626182946
594,DMSO_0.1pc_30min,0.014308582411003056,3.3452596972882633e-12,-2.4567015088905464e-12
597,DMSO_0.1pc_30min,0.03773200038437833,0.6512344057878063,0.8928276151710944
611,DMSO_0.1pc_30min,0.08237182175608834,0.4000368809368183,0.6896469823071458
615,DMSO_0.1pc_30min,0.06944954421989823,0.8727353933934364,0.9977081629951766
634,DMSO_0.1pc_30min,0.02670619346062022,0.4627484450758956,0.6229065034612795
638,DMSO_0.1pc_30min,0.11821774637727696,0.809895926894485,0.9627658990897272
641,DMSO_0.1pc_30min,0.022915624681771475,0.3459905452534323,0.6157278806111581
659,DMSO_0.1pc_30min,0.08808041777686428,0.829337168565298,0.990948877493849
662,DMSO_0.1pc_30min,0.8883324879617589,1.3064835913402846,0.9954135688926373
669,DMSO_0.1pc_30min,0.0072626204387520234,0.1886608351902772,0.6302313091659542
687,DMSO_0.1pc_30min,0.08781784354414726,0.703827989315637,0.7048584447495073
694,DMSO_0.1pc_30min,0.005205918008811384,0.12773259835802933,0.1467730747076147
698,DMSO_0.1pc_30min,0.14306059686158365,0.9313103020812061,0.9999403843229706
708,DMSO_0.1pc_30min,0.8776296222650061,1.4901480830816554,0.9901774949212717
740,DMSO_0.1pc_30min,0.01577687969732022,0.41935221457170146,0.7886956213878986
765,DMSO_0.1pc_30min,0.10201637144640381,0.8798596780293583,0.9924929598015205
769,DMSO_0.1pc_30min,0.01450863661215924,0.29296327096033825,0.3961514148527996
776,DMSO_0.1pc_30min,0.005544765503408241,1.887107537212032e-15,-2.4424906541753444e-15
778,DMSO_0.1pc_30min,0.011471903878050018,0.3284651653874928,0.6540865696058528
780,DMSO_0.1pc_30min,0.039889457769678595,0.7037790307733168,0.3705411447952217
785,DMSO_0.1pc_30min,0.06218613641596736,0.8965282315760754,0.997852373853574
801,DMSO_0.1pc_30min,0.290519298465202,1.322594547273631,0.9632220899080675
802,DMSO_0.1pc_30min,0.009004555181411081,0.40404936369020833,0.9283097628594656
811,DMSO_0.1pc_30min,0.022037885605782435,0.652248499239539,0.9898599458352382
815,DMSO_0.1pc_30min,0.0025988836542359677,2.274470601410858e-13,-3.956834859764058e-13
824,DMSO_0.1pc_30min,0.018970223215309393,0.4614622082193751,0.9868473415463411
830,DMSO_0.1pc_30min,0.028495259808449913,0.6796915045839107,0.7253797776193288
832,DMSO_0.1pc_30min,0.16480527718441632,0.9880956970669024,0.9346540821460313
852,DMSO_0.1pc_30min,0.009275777851089365,0.4131252417943518,0.9579637743803541
855,DMSO_0.1pc_30min,0.011279741466890415,0.3762796670990603,0.798328477214096
877,DMSO_0.1pc_30min,0.018849948165462312,0.47893912327479427,0.944232764812226
880,DMSO_0.1pc_30min,0.009808068727167517,0.23173082581668705,0.12694078380819473
883,DMSO_0.1pc_30min,0.04126817240036333,0.7085228039078993,0.997399547796924
896,DMSO_0.1pc_30min,0.029395003884720793,0.3090040987358313,0.33133622020479225
904,DMSO_0.1pc_30min,0.00649452610199738,0.225687384227066,0.5608596191255872
913,DMSO_0.1pc_30min,0.01723357748818293,0.44604344180557814,0.9243976103018534
926,DMSO_0.1pc_30min,0.013454740264096111,0.11502186636579795,0.06032605243809064
939,DMSO_0.1pc_30min,0.006207703331039031,0.36877175709468185,0.8940251879015422
940,DMSO_0.1pc_30min,0.012659294691156602,2.3058313082506585e-13,-4.591882429849647e-13
951,DMSO_0.1pc_30min,2.762193223507719,1.5569287767677116,0.9725387930806391
962,DMSO_0.1pc_30min,0.01806243593553849,0.5672940920276495,0.8689932566528791
970,DMSO_0.1pc_30min,0.017127785208016038,0.6124126393989466,0.9878229403376259
975,DMSO_0.1pc_30min,0.025015359592357345,0.36399241700070883,0.1498867469426326
979,DMSO_0.1pc_30min,0.012058076124529174,0.28526836421974777,0.5849788906243726
985,DMSO_0.1pc_30min,0.44070220079423467,1.2286092651973428,0.9678395388645087
988,DMSO_0.1pc_30min,0.3529315255610452,0.9065946628178315,0.8743461227205376
1001,DMSO_0.1pc_30min,0.03250834445416095,0.48040584121917457,0.7619951980305146
1006,DMSO_0.1pc_30min,0.00740272615754059,0.08155030105155868,0.28311266146004976
1017,DMSO_0.1pc_30min,0.007378375945482363,0.05984157970572869,0.15802355350564734
1078,DMSO_0.1pc_30min,0.017127864832792786,0.6114966616097116,0.8195359436673659
1082,DMSO_0.1pc_30min,0.007970995543472824,4.624181953931652e-12,-5.377476242074408e-12
1089,DMSO_0.1pc_30min,0.0031407560837355283,8.22360330003299e-09,-1.6291012983060682e-09
1092,DMSO_0.1pc_30min,0.024680921661681846,0.7531949929006646,0.9844149120678442
1099,DMSO_0.1pc_30min,0.006524436956638757,0.22667547869553265,0.4823257575129909
1102,DMSO_0.1pc_30min,0.024946602721256542,0.2950709337910323,0.19821086312074832
1109,DMSO_0.1pc_30min,0.00979678353607776,0.048963623437748946,0.01340987123554127
1110,DMSO_0.1pc_30min,0.01375712181227569,9.121783729058967e-14,-2.4580337765200966e-13
1112,DMSO_0.1pc_30min,0.09933746031338628,0.7994632675234121,0.9341896339873156
1137,DMSO_0.1pc_30min,0.126236509509013,0.4783129507581417,0.8727765511843656
1149,DMSO_0.1pc_30min,0.008363309203653434,0.30656015386002267,0.7209685454647923
1155,DMSO_0.1pc_30min,0.007303401717082851,0.3363078347249358,0.725061415926045
1162,DMSO_0.1pc_30min,0.012489739380738224,0.09540026564121676,0.05697087680853807
1167,DMSO_0.1pc_30min,0.17452509188866014,1.042534523454364,0.9972369467785897
1193,DMSO_0.1pc_30min,0.00902032954447879,0.12888676254010953,0.1918300859036124
1218,DMSO_0.1pc_30min,0.0017517451250637975,0.05119505823649697,0.3711794028523375
1221,DMSO_0.1pc_30min,0.07298747647614166,0.8811007674661264,0.9984108188369992
1235,DMSO_0.1pc_30min,0.0043941870593706515,0.2603837679658225,0.6541591022776219
1239,DMSO_0.1pc_30min,0.035384708230159705,0.789999614559401,0.9986788373994745
1244,DMSO_0.1pc_30min,3.7476872374148167,1.7739779349222147,0.9907695896296617
1250,DMSO_0.1pc_30min,0.1445728502965964,0.9110192735761148,0.9929452932809849
1252,DMSO_0.1pc_30min,1.6989244081483539,1.5477170234414417,0.998551001263266
1255,DMSO_0.1pc_30min,0.0028109988172879226,2.3109030205232564e-12,-1.3951062527439717e-12
1280,DMSO_0.1pc_30min,0.0032743812755305413,0.06532813662632991,0.052210533115897295
1284,DMSO_0.1pc_30min,0.03799382761995903,0.6936219943617857,0.9478780714690855
1289,DMSO_0.1pc_30min,0.020394131487662337,0.2327547403860517,0.6014092726767588
1290,DMSO_0.1pc_30min,0.005562731739671911,0.024560754966583196,0.010630725016035125
1292,DMSO_0.1pc_30min,0.481750114397369,1.1911652735045972,0.9950132688659807
1293,DMSO_0.1pc_30min,0.03785581640451592,0.5877601829378356,0.8469307061078412
1305,DMSO_0.1pc_30min,0.07263826693055403,0.9271134047683033,0.9990600769096953
1306,DMSO_0.1pc_30min,0.0031563669473497562,0.26259901516274126,0.8785250279071636
1314,DMSO_0.1pc_30min,0.014380659841547646,0.500146936026847,0.9931716534300102
1315,DMSO_0.1pc_30min,0.006210080073439994,0.1521608289989729,0.38709429353436176
1318,DMSO_0.1pc_30min,0.07680615193529515,0.5069573517253795,0.8777130977981754
1341,DMSO_0.1pc_30min,0.058061997267602417,0.8360116275012511,0.9342397331246395
1356,DMSO_0.1pc_30min,0.04881292799808031,0.704916324258108,0.8537233539446643
1362,DMSO_0.1pc_30min,0.21932966383408042,1.1161719474269793,0.8987489875007398
1368,DMSO_0.1pc_30min,0.008635061317187599,0.15616929730100756,0.5825921423571082
1381,DMSO_0.1pc_30min,0.036235366480147475,0.4919656337391448,0.8811353605494189
1404,DMSO_0.1pc_30min,0.0018817881638839885,0.04477779550494125,0.02578964550721785
1412,DMSO_0.1pc_30min,0.008514486150485083,0.41564086355564,0.9609637789910792
1427,DMSO_0.1pc_30min,0.07598708904172745,0.7039917599162164,0.9504332230462971
1437,DMSO_0.1pc_30min,0.006051111835523108,0.15571915911166068,0.318718870061129
1438,DMSO_0.1pc_30min,2.3029402586801258,1.2389288838003953,0.9275692968984148
1464,DMSO_0.1pc_30min,0.004173156746996011,6.50577445942754e-10,-3.8715208816597624e-10
1466,DMSO_0.1pc_30min,0.005057752783853707,2.7918726753325413e-10,-6.771228022728337e-11
1471,DMSO_0.1pc_30min,0.0027921358573925756,7.862881468011102e-12,-1.3879786209258782e-11
1502,DMSO_0.1pc_30min,0.014748828694975675,0.1362797476754491,0.6795595885797884
1505,DMSO_0.1pc_30min,0.009735034286386076,0.08667325778529131,0.02829080122015659
1510,DMSO_0.1pc_30min,0.12414912789032523,0.881278031120354,0.927843970511406
1517,DMSO_0.1pc_30min,0.03151428675521353,0.5344087415055986,0.9192575768752046
1524,DMSO_0.1pc_30min,2.9851698849095536,2.0597488857150728,0.8648065418951701
1527,DMSO_0.1pc_30min,0.006364618979729549,0.11082686204690731,0.22782363384818893
1538,DMSO_0.1pc_30min,0.06647725045482006,0.5628174804981896,0.9248064693788358
1549,DMSO_0.1pc_30min,0.012414808330398068,0.41830583581412806,0.9637547130124673
1553,DMSO_0.1pc_30min,0.0314263559931633,0.39144406150732564,0.9047318852062243
1569,DMSO_0.1pc_30min,0.032422446209378786,0.7336138275808969,0.9883220495839474
1577,DMSO_0.1pc_30min,0.012110216507977669,0.3965550891818454,0.9440627396843377
1595,DMSO_0.1pc_30min,0.0018210859988365444,2.82746740975325e-10,-1.3109424656931878e-10
1596,DMSO_0.1pc_30min,0.034126774425398146,0.9445381041912392,0.8550254416201245
1603,DMSO_0.1pc_30min,0.00451839259712112,0.05785579792245967,0.1367097427530437
1613,DMSO_0.1pc_30min,0.012739959021077307,0.11951420870822059,0.1238167994577486
1632,DMSO_0.1pc_30min,0.03653146510267461,0.6452842640721114,0.9650380044549037
1669,DMSO_0.1pc_30min,0.039076584620065066,0.5733412515133931,0.7264101728876187
1671,DMSO_0.1pc_30min,0.03668761411751584,0.660203807796397,0.5353864625158045
1673,DMSO_0.1pc_30min,0.009661885260596002,0.1731516598940435,0.143515262374995
1696,DMSO_0.1pc_30min,0.3719735804415165,1.2139092609771467,0.9848369481338362
1705,DMSO_0.1pc_30min,0.01674747456770195,0.6009635916608288,0.9899235626518805
1708,DMSO_0.1pc_30min,0.00617413836620208,0.13714205592999132,0.19423216091128026
1717,DMSO_0.1pc_30min,0.7071438858604898,1.7044979742968391,0.8422692202259771
1724,DMSO_0.1pc_30min,0.009732903838608118,0.4035129265711565,0.9717685407084257
1736,DMSO_0.1pc_30min,0.026233099324038143,0.5332394600944258,0.9908041125144195
1739,DMSO_0.1pc_30min,0.378259298151604,1.110511390641428,0.7711526885800939
1740,DMSO_0.1pc_30min,0.030323516733020354,0.6344815521179468,0.9290468721927208
1745,DMSO_0.1pc_30min,0.09339633483096141,0.8415141422477088,0.9915567899959861
1751,DMSO_0.1pc_30min,0.021756362808443404,0.15366684762891944,0.28501747770189045
1760,DMSO_0.1pc_30min,0.0019000123035313224,0.13131611122953193,0.09829536792573412
1771,DMSO_0.1pc_30min,0.01913592924950771,0.5199212324636439,0.9249219633725615
1782,DMSO_0.1pc_30min,0.05758780169863029,0.6307267310799037,0.9925979434575616
1783,DMSO_0.1pc_30min,0.1276652139583542,0.977395358836025,0.9996781137666394
1806,DMSO_0.1pc_30min,0.0819375052566084,0.513869027857827,0.9794380176039627
1809,DMSO_0.1pc_30min,0.015136510549988921,0.2941328602165111,0.4472799573481685
1811,DMSO_0.1pc_30min,0.00644311198110653,0.02885634523494253,0.012505079804090213
1817,DMSO_0.1pc_30min,0.019336518335615893,0.5481293713779465,0.9656111472023574
1819,DMSO_0.1pc_30min,0.26804824061276367,0.7566327045406777,0.9705622699589549
1836,DMSO_0.1pc_30min,0.013990672462039519,0.44816840346756226,0.9428902191163
1846,DMSO_0.1pc_30min,0.010625220912674954,0.3114744567359018,0.9428038143927409
1859,DMSO_0.1pc_30min,0.09111830357647933,0.7170441796409733,0.8557194210924179
1877,DMSO_0.1pc_30min,0.007979473483466726,0.2339443291125481,0.4036706388378001
1889,DMSO_0.1pc_30min,0.003127078272775207,1.1725668132171625e-07,-4.079614868146564e-09
1890,DMSO_0.1pc_30min,0.0345195903989023,0.49196158269015033,0.8703406648938784
1894,DMSO_0.1pc_30min,0.04534699742277652,0.6541146375704427,0.9403402279345362
1895,DMSO_0.1pc_30min,0.11392126140880926,0.8135063899859328,0.9984641424878039
1896,DMSO_0.1pc_30min,0.14403506052339188,0.8913657602177426,0.9858251426468231
1903,DMSO_0.1pc_30min,0.046042148433965265,0.7063706997275401,0.9039188279976935
1907,DMSO_0.1pc_30min,0.037286942499431236,0.7756726287978598,0.9798948662366205
1910,DMSO_0.1pc_30min,0.010794744771582383,0.3970589082048538,0.9899735926756157
1918,DMSO_0.1pc_30min,0.008436207197368276,0.3954167756402294,0.9709132450234157
1928,DMSO_0.1pc_30min,0.24839002947279518,0.8628497891288627,0.9788848372093868
1932,DMSO_0.1pc_30min,0.03765076205527151,0.668239372160011,0.4963288434603427
1947,DMSO_0.1pc_30min,0.010414136441944902,0.4156756817580383,0.8151371186196071
1954,DMSO_0.1pc_30min,0.008280883882706407,0.17161024486331894,0.26368619275072647
1962,DMSO_0.1pc_30min,0.15128343127524463,1.1460597638274037,0.9803106336685943
1965,DMSO_0.1pc_30min,0.015708909133312673,0.3266382512006719,0.712808697662734
1972,DMSO_0.1pc_30min,0.11272135181986284,0.6093024370449535,0.7426766181956658
1982,DMSO_0.1pc_30min,0.005601945053981707,0.06846780906758447,0.016859722736250915
1989,DMSO_0.1pc_30min,0.09995808014624084,0.7303480097114352,0.9873742969044049
1990,DMSO_0.1pc_30min,0.10489442456079359,0.8585089372285635,0.9675609690856117
1991,DMSO_0.1pc_30min,0.04607337410436971,0.6773090669294901,0.9929021206241372
1998,DMSO_0.1pc_30min,0.02504828084116926,0.1363548184600475,0.32704407350590736
1999,DMSO_0.1pc_30min,0.04488779254092025,0.6404535906399755,0.9377676837589926
2006,DMSO_0.1pc_30min,0.12754191825861583,1.0676901100491678,0.9606278387647778
2007,DMSO_0.1pc_30min,0.02017953686538551,0.6221746091661082,0.9856744391611829
2009,DMSO_0.1pc_30min,0.0026229044405943506,0.06752654185558131,0.028960934066600164
2013,DMSO_0.1pc_30min,0.07102093883562595,0.385207951517856,0.6474400644997063
2018,DMSO_0.1pc_30min,0.11563895424888712,0.8647464285784281,0.9539266806878146
2022,DMSO_0.1pc_30min,0.02469166139729911,0.5460135396998499,0.9618909271191525
2040,DMSO_0.1pc_30min,0.03473004988285188,0.5576065751240554,0.8896655771287687
2053,DMSO_0.1pc_30min,0.04431794586207372,0.6667687820895437,0.9205953833155072
2054,DMSO_0.1pc_30min,0.08509757801126377,1.0116346285522382,0.9399873274254957
2055,DMSO_0.1pc_30min,0.07872761474254604,0.8951146528213106,0.7944559186577503
2061,DMSO_0.1pc_30min,0.20719722742098612,1.0055975677784397,0.9131149720188019
2081,DMSO_0.1pc_30min,0.01194995625204483,0.4161803127467684,0.9514122946417393
2084,DMSO_0.1pc_30min,0.22451371201352557,0.7648439039887972,0.92757802764116
2089,DMSO_0.1pc_30min,1.870441679578279,1.6270995336374359,0.9955666382072303
2094,DMSO_0.1pc_30min,0.01169158908197506,0.42003884302204886,0.9465587174734988
2121,DMSO_0.1pc_30min,1.8674428886367307,1.5050057606545062,0.9998223248448173
2124,DMSO_0.1pc_30min,0.022010373772942102,0.6548476748871034,0.9902250698776857
2125,DMSO_0.1pc_30min,0.010195369388675485,0.493757849496454,0.9719026927466857
2129,DMSO_0.1pc_30min,0.06109824105989403,0.8249925165803441,0.9995898831362067
2142,DMSO_0.1pc_30min,0.0020221133826262773,0.3229314131459908,0.9627102418545025
2143,DMSO_0.1pc_30min,0.013025591134282552,0.39519544700780446,0.9277780905144308
2157,DMSO_0.1pc_30min,0.025695990338881293,0.4164669056620616,0.8522594087523789
2160,DMSO_0.1pc_30min,0.004427562793593984,1.1098538781872533e-13,-5.995204332975845e-14
2161,DMSO_0.1pc_30min,0.23263435786980569,0.9609904695287462,0.7693035976081057
2171,DMSO_0.1pc_30min,0.0048973410769581945,0.004552637025933452,0.00022573140367998512
2179,DMSO_0.1pc_30min,0.01422454075148787,0.4923741162345381,0.6283316038256197
2186,DMSO_0.1pc_30min,0.7973494231231312,1.4625582588957946,0.99875244818924
2189,DMSO_0.1pc_30min,0.03062786779806339,0.5464193205742143,0.9707233889263641
2193,DMSO_0.1pc_30min,0.08486108101553859,0.452706528877877,0.8602657562208716
2202,DMSO_0.1pc_30min,0.2860299588045403,1.0905427059875124,0.9675264362403119
2228,DMSO_0.1pc_30min,0.01753343808975231,0.3697520109481285,0.584333978757335
2237,DMSO_0.1pc_30min,0.36681795873628364,1.1882637466991905,0.747180997291342
2239,DMSO_0.1pc_30min,0.01778556712607664,0.17156420646896137,0.2946788647919877
2245,DMSO_0.1pc_30min,0.04944072150368536,0.6995956626611541,0.9659894473383849
2246,DMSO_0.1pc_30min,0.01792032681482703,0.3755849805398483,0.8508021793879024
2261,DMSO_0.1pc_30min,0.002924304339081441,7.309121304743679e-12,-9.657830091214237e-12
2264,DMSO_0.1pc_30min,0.01567648354522461,0.16046239976083512,0.3723313412774749
2267,DMSO_0.1pc_30min,0.0033745906494293144,0.11221157267220135,0.0508174788207042
2269,DMSO_0.1pc_30min,0.02204958332599944,0.33101785693148095,0.6022258551294948
2281,DMSO_0.1pc_30min,0.015224927525813083,0.1614907337746714,0.28148234094154334
2300,DMSO_0.1pc_30min,0.02624245744769388,0.5191739057363544,0.9946878886693208
2302,DMSO_0.1pc_30min,0.005682171975792348,0.22983587036367437,0.15917607977998804
2303,DMSO_0.1pc_30min,0.032068673180253505,0.6343157096330285,0.996355387999254
2308,DMSO_0.1pc_30min,0.027598237942424164,0.5568989623123483,0.7879891027231987
2315,DMSO_0.1pc_30min,0.09434778996732829,0.7983053825966154,0.8664728960426291
2320,DMSO_0.1pc_30min,0.02001392850522972,0.10161037572714152,0.03744388533767529
2321,DMSO_0.1pc_30min,0.008731273688780508,0.24055306615030553,0.9419480154182505
2324,DMSO_0.1pc_30min,0.009955552154740066,2.7556171751397736e-14,-4.04121180963557e-14
2326,DMSO_0.1pc_30min,0.0271968502826199,0.6639537240194743,0.9935073222314611
2333,DMSO_0.1pc_30min,0.006935368718134021,0.2537773165573847,0.8603638466569128
2341,DMSO_0.1pc_30min,0.041787288029048235,0.6842088175039898,0.9951869433170859
2342,DMSO_0.1pc_30min,0.3319162859359521,1.05882891666254,0.9943470521824868
2356,DMSO_0.1pc_30min,0.015235130113354853,0.036604636775073904,0.005361042342776012
2360,DMSO_0.1pc_30min,0.025777802293141746,0.3518000718596087,0.9319955724365157
2375,DMSO_0.1pc_30min,0.006759132713401169,0.5035736101072978,0.9840694486971364
2377,DMSO_0.1pc_30min,0.007594480352463132,5.792881943179574e-09,-3.954598870592463e-10
2396,DMSO_0.1pc_30min,0.016932739390584425,0.3855749643631779,0.45847194296953386
2399,DMSO_0.1pc_30min,0.031318418608656494,0.531545207721025,0.9951983693567291
2401,DMSO_0.1pc_30min,0.039775928855059206,0.6809952433773544,0.9964766227835343
2407,DMSO_0.1pc_30min,0.08041054171169892,0.8686342944117879,0.9207783486676814
2409,DMSO_0.1pc_30min,0.005048693681860973,0.33755737802384655,0.9073955767653635
2412,DMSO_0.1pc_30min,0.007003241581165402,0.1660524617039608,0.5478582843929314
2428,DMSO_0.1pc_30min,0.045837837241448715,0.7303644624520982,0.9932137829132973
2433,DMSO_0.1pc_30min,0.08967861085001919,0.4505409383785449,0.48813353431872186
2434,DMSO_0.1pc_30min,0.020171381795198076,0.570993203587565,0.9912941445456055
2457,DMSO_0.1pc_30min,0.473910749620057,1.4165674295589579,0.9645521162613395
2465,DMSO_0.1pc_30min,0.0268865895566101,0.416861745466883,0.8859655434050159
2480,DMSO_0.1pc_30min,0.02777442751444747,0.6000322198419101,0.9675194977598941
2484,DMSO_0.1pc_30min,0.060593864079350315,0.6678267809749246,0.9801702673231786
2502,DMSO_0.1pc_30min,0.005801809837325647,0.1689735831770536,0.21569190315984665
2510,DMSO_0.1pc_30min,0.0106157220460461,0.17259077239182566,0.1761172597261651
2526,DMSO_0.1pc_30min,0.00864862867735687,2.619020421919307e-17,-2.220446049250313e-16
2532,DMSO_0.1pc_30min,0.0037415242901319102,0.14934911030955458,0.5166544107700547
2536,DMSO_0.1pc_30min,0.034424596022627034,0.610949882494479,0.9416190356491085
2540,DMSO_0.1pc_30min,0.010752452354646695,0.28780563854038,0.6525644146093115
2542,DMSO_0.1pc_30min,0.14133305219661446,0.8804505573237413,0.9764452887561553
2549,DMSO_0.1pc_30min,0.011089284473587866,0.27876648055553055,0.6787954922832687
2551,DMSO_0.1pc_30min,0.011148338840088213,0.40543945010457255,0.991452890869906
2554,DMSO_0.1pc_30min,0.0221237146763077,0.6573459652459184,0.9859467387883459
2572,DMSO_0.1pc_30min,0.1930362805687544,0.8801150988424649,0.9657307558621514
2578,DMSO_0.1pc_30min,0.02101294431139976,0.30352824631095954,0.49776110914740923
2598,DMSO_0.1pc_30min,0.0371877768820337,0.5560343034673255,0.8553028300489856
2599,DMSO_0.1pc_30min,0.01445874426088854,0.2881996258941319,0.554151773528309
2622,DMSO_0.1pc_30min,0.009953343676013882,0.36995935108655154,0.7599152708916534
2637,DMSO_0.1pc_30min,0.043135554337088426,0.74685655652187,0.991443384496842
2648,DMSO_0.1pc_30min,0.005602839116290697,3.193523866857845e-14,-1.141309269314661e-13
2667,DMSO_0.1pc_30min,0.8537031845371236,1.3667209348642855,0.9969611419123132
2672,DMSO_0.1pc_30min,0.016102362319022366,0.509135041300283,0.9814545601508486
2683,DMSO_0.1pc_30min,5.402372937050601,2.0178459855239286,0.8971637465397169
2690,DMSO_0.1pc_30min,0.009588645310938768,0.3586883183553596,0.7475916505685398
2705,DMSO_0.1pc_30min,0.008509419531379655,0.26565796468286346,0.5658246919882408
2716,DMSO_0.1pc_30min,0.007857175789388,0.13809733050714035,0.24652768372972478
2721,DMSO_0.1pc_30min,0.06846148280466333,0.8211326153795576,0.9913968443314919
2730,DMSO_0.1pc_30min,0.01613024614302727,0.3569112321094908,0.890059606443793
2739,DMSO_0.1pc_30min,0.010598614214429336,0.4528297526730407,0.9475303165905026
2749,DMSO_0.1pc_30min,0.03930803423565784,0.6334034733533337,0.9772622920300984
2751,DMSO_0.1pc_30min,0.006222387272046524,0.34196402451517377,0.9629059839604623
2757,DMSO_0.1pc_30min,0.007228435060845617,0.16509183588797627,0.3842215741020394
2760,DMSO_0.1pc_30min,0.019739038071704986,0.08045086778868898,0.022050700828938674
2782,DMSO_0.1pc_30min,0.0069397276699996735,0.1469361968651001,0.33432571982775505
2789,DMSO_0.1pc_30min,0.004269223036315743,0.15262331437029442,0.24800486052206105
2796,DMSO_0.1pc_30min,0.02039962870254616,0.42190440391329803,0.8015173406819089
2797,DMSO_0.1pc_30min,0.13074577680677102,0.9607453437400718,0.6668234253909042
2822,DMSO_0.1pc_30min,0.02896842496345125,0.5220714784967903,0.9579332477606631
2831,DMSO_0.1pc_30min,0.007359277651082195,0.142660511759285,0.41997240042678496
2833,DMSO_0.1pc_30min,0.08395837086316363,0.7653611859544333,0.9968943165848436
2842,DMSO_0.1pc_30min,0.0509307211191042,0.8541206726614642,0.9994025781049889
2858,DMSO_0.1pc_30min,0.08538171256436537,0.5959833399393544,0.9424362275732043
2861,DMSO_0.1pc_30min,0.011544480486883488,0.1890751101234582,0.4791353142304521
2868,DMSO_0.1pc_30min,0.0021236732520824664,0.07801897164013387,0.528931950437814
2887,DMSO_0.1pc_30min,0.16661667829483873,1.0613349711442488,0.9983586624779194
2901,DMSO_0.1pc_30min,2.8253090909914644,1.5161774474560845,0.9922687064446076
2902,DMSO_0.1pc_30min,0.07376621482323589,0.44993675411342005,0.6941967435276026
2907,DMSO_0.1pc_30min,0.017943641004740395,0.44403946846407877,0.8217000350262409
2908,DMSO_0.1pc_30min,0.06484055467174511,0.8599337106428715,0.999442698552995
2911,DMSO_0.1pc_30min,0.06034701242027198,0.8740109508241634,0.9848403567329997
2915,DMSO_0.1pc_30min,2.209106515352646,1.7965250619764466,0.9904801337289472
2933,DMSO_0.1pc_30min,0.18711759565548583,0.9308536972288788,0.773796642879202
2944,DMSO_0.1pc_30min,0.005972871108519813,2.966004806558778e-14,-7.30526750203353e-14
2958,DMSO_0.1pc_30min,0.9398317241251979,1.3937674598033212,0.9880427654679584
2961,DMSO_0.1pc_30min,0.011839860781122327,0.18084695826141284,0.5909161643908465
2984,DMSO_0.1pc_30min,0.0015453043674341952,8.805173434329111e-10,-2.2340107541651832e-10
2990,DMSO_0.1pc_30min,0.10173663938748885,0.7572486034596656,0.9561002134918756
2991,DMSO_0.1pc_30min,0.002892172835704841,0.13320391924299232,0.3563534524121207
2993,DMSO_0.1pc_30min,0.5431356620742097,0.997553769048799,0.9864139946100674
2995,DMSO_0.1pc_30min,0.005699067067890333,1.645339917782603e-13,-1.3566925360919413e-13
3001,DMSO_0.1pc_30min,0.04295750627064321,0.5288023721838738,0.9577893813428053
3002,DMSO_0.1pc_30min,0.09759040648222017,0.5520307139891415,0.852286885274452
3006,DMSO_0.1pc_30min,0.15166158029646773,0.9994020952488644,0.9942861851174218
3017,DMSO_0.1pc_30min,0.08129005726416422,0.8472942166274233,0.7876218529597929
3018,DMSO_0.1pc_30min,0.007467873955642966,0.18602120639128736,0.2949936610132099
3028,DMSO_0.1pc_30min,0.002858057772590242,3.4518937384679725e-15,-2.4424906541753444e-15
3034,DMSO_0.1pc_30min,0.009988367529640633,0.3461613380722673,0.8066147964212149
3050,DMSO_0.1pc_30min,0.007003924941470877,0.25618304041751644,0.8850999577189657
3064,DMSO_0.1pc_30min,0.018259970315486374,0.4352606344835609,0.9876079953340491
3066,DMSO_0.1pc_30min,2.351722393763796,1.537955357061355,0.9921385101211622
3074,DMSO_0.1pc_30min,0.020731923129154065,0.4787280064712508,0.9909506459236355
3085,DMSO_0.1pc_30min,0.018824513691086706,0.3830262530811704,0.9331777928919074
3088,DMSO_0.1pc_30min,0.0029504755785976474,2.7153934628275484e-15,-1.021405182655144e-14
3095,DMSO_0.1pc_30min,0.007283500481045851,0.1123684072426204,0.14783648295882867
3104,DMSO_0.1pc_30min,0.006041563998562913,4.256490263562811e-10,-2.220357231408343e-11
3110,DMSO_0.1pc_30min,0.18290397396239177,1.0602806815037853,0.9878946272426155
3122,DMSO_0.1pc_30min,0.0353768497233308,0.44236634517218315,0.5743827446083782
3123,DMSO_0.1pc_30min,0.009234697120830913,0.32451192084659647,0.9488811172836853
3124,DMSO_0.1pc_30min,0.080604653552438,0.7401847757259996,0.982899478868189
3130,DMSO_0.1pc_30min,0.005737118021095953,0.14688016131006532,0.41910530803249313
3143,DMSO_0.1pc_30min,0.008091265359119859,0.18585476241836987,0.3380275787570992
3144,DMSO_0.1pc_30min,0.004673749908282514,4.415492205159951e-15,-3.3306690738754696e-15
3150,DMSO_0.1pc_30min,0.6196974366079218,1.3478464866946156,0.9971988591048587
3172,DMSO_0.1pc_30min,0.027957267293722617,0.8532262435579168,0.9525578592363105
3175,DMSO_0.1pc_30min,0.023596575308352786,0.5974957771246339,0.9809983029389604
3176,DMSO_0.1pc_30min,0.010688396235506756,0.12484371995977639,0.27620360701848146
3180,DMSO_0.1pc_30min,0.007731595890442605,6.353105956241634e-12,-1.3626877404249171e-12
3183,DMSO_0.1pc_30min,0.0660584943907476,0.9102476097805605,0.9972857588845531
3188,DMSO_0.1pc_30min,0.03228014979548579,0.6495461822652888,0.9938883468838168
3198,DMSO_0.1pc_30min,0.029985080125277622,0.4999482996003038,0.7746829372126294
3203,DMSO_0.1pc_30min,0.002391697163649294,1.3904262482070155e-10,-1.9784751614793095e-10
3208,DMSO_0.1pc_30min,0.008063825926052561,0.32092739020117894,0.8629949689585119
3215,DMSO_0.1pc_30min,0.0033047873336036664,0.17747318506340165,0.39004182247119623
3230,DMSO_0.1pc_30min,0.01065273379982966,0.3457567416569389,0.9166161134356888
3233,DMSO_0.1pc_30min,0.11080041318581851,0.8871954814279438,0.9960237999255994
3247,DMSO_0.1pc_30min,0.08063201058808404,0.540117203371657,0.9261279945755274
3281,DMSO_0.1pc_30min,0.019324891341259955,0.42359111559873075,0.6050076955445807
3287,DMSO_0.1pc_30min,0.018020779815835657,0.3799451945443262,0.6998807700698131
3293,DMSO_0.1pc_30min,0.09805621766488137,0.8773786276541471,0.9432832223004834
3303,DMSO_0.1pc_30min,0.006091630839923183,0.10886421000100431,0.07761897880556978
3315,DMSO_0.1pc_30min,0.020931182249802355,0.466340999210149,0.9812782304399764
3317,DMSO_0.1pc_30min,0.5457802995956436,1.0241687951710134,0.9929695123055333
3320,DMSO_0.1pc_30min,0.06957295479392372,0.7303037734826445,0.9176034320792446
3331,DMSO_0.1pc_30min,0.012435740666629978,0.6928878413629581,0.9976611436949768
3346,DMSO_0.1pc_30min,0.01075237381684484,0.04134279816863381,0.02236985303649186
3349,DMSO_0.1pc_30min,0.03182480985237823,0.6645838767233583,0.9924167962924219
3352,DMSO_0.1pc_30min,0.0046461376816677264,0.16126251294732208,0.29987722029105135
3385,DMSO_0.1pc_30min,0.555832850511632,1.672184740245672,0.8120431343765553
3390,DMSO_0.1pc_30min,0.056624488314167686,0.6170029978412733,0.9412678222157678
3400,DMSO_0.1pc_30min,0.03080831866069312,0.6825848750934443,0.9959256751432961
3423,DMSO_0.1pc_30min,0.009035526830676098,0.43271756330686945,0.90381266968082
3439,DMSO_0.1pc_30min,0.04284957155698631,0.5645854044899176,0.87578586833317
3441,DMSO_0.1pc_30min,0.009695015298157871,0.31251747456297446,0.31107867493467134
3444,DMSO_0.1pc_30min,0.009233275126230041,2.53629534967614e-12,-2.348787830896981e-12
3467,DMSO_0.1pc_30min,0.018397155106008412,0.3495122622503855,0.7165183078247233
3472,DMSO_0.1pc_30min,0.006705525311565344,6.934506032729416e-13,-1.3173906410202108e-12
3478,DMSO_0.1pc_30min,0.05742423738012416,0.6754236720988248,0.9730664956233184
3480,DMSO_0.1pc_30min,0.047117657827586035,0.7538372469441326,0.9684558019984374
3501,DMSO_0.1pc_30min,0.004325753214262109,0.05445844961730363,0.005067949010062356
3515,DMSO_0.1pc_30min,0.004688383462155045,0.026286542982588226,0.0039050558837120386
3524,DMSO_0.1pc_30min,0.2780902665344299,1.096644474009529,0.9990492144501367
3545,DMSO_0.1pc_30min,0.021659291084499082,0.4807063709819151,0.9536303517953644
3552,DMSO_0.1pc_30min,0.03042348202178005,0.6458195160314958,0.9890412984344484
3558,DMSO_0.1pc_30min,0.006742900866694592,0.10583742213405734,0.037092924439263264
3571,DMSO_0.1pc_30min,0.11180328459144388,0.7175717576467345,0.9510189882935658
3572,DMSO_0.1pc_30min,0.02402756437800236,0.8228433612400269,0.9855080492889772
3579,DMSO_0.1pc_30min,0.005120383913860343,7.646863156903108e-12,-1.0440537323574972e-12
3591,DMSO_0.1pc_30min,0.020221539088372674,0.39585271514583,0.7444671044022027
3598,DMSO_0.1pc_30min,0.14708448331153276,0.8088441597080998,0.8605043456594876
3618,DMSO_0.1pc_30min,0.015312447817073997,0.48891607184897234,0.7980360442504835
3619,DMSO_0.1pc_30min,0.0029066273102516175,7.794657619277115e-13,-1.8811618929248652e-12
3623,DMSO_0.1pc_30min,0.048255399058164186,0.5304091555760094,0.9186395940912139
3624,DMSO_0.1pc_30min,0.002914412318098473,0.05634442933022165,0.027353123949195313
3626,DMSO_0.1pc_30min,0.06552583549997026,0.6481078420163168,0.9873888020551034
3642,DMSO_0.1pc_30min,0.017331305209110196,0.37293529782103335,0.759633540611983
3643,DMSO_0.1pc_30min,0.027032773952937763,0.5432715526378998,0.9184383858309431
3646,DMSO_0.1pc_30min,0.019306100549570396,0.4891842343931244,0.9573961966291774
3647,DMSO_0.1pc_30min,0.020542581714558642,0.6535500437269915,0.9939480837104825
3651,DMSO_0.1pc_30min,0.004399244950920791,0.2977878284140587,0.47573376008651913
3667,DMSO_0.1pc_30min,0.010738818618449058,0.1535104158646677,0.7536075919622787
3675,DMSO_0.1pc_30min,0.00252530852595441,0.13820725342142545,0.5893505634612459
3677,DMSO_0.1pc_30min,0.004380039791935192,0.11706295881981896,0.2410147382563682
3681,DMSO_0.1pc_30min,0.7804649170580505,1.2510237117702139,0.9941459995441027
3689,DMSO_0.1pc_30min,0.04053104144573713,0.34595495529585085,0.7913973932520844
3694,DMSO_0.1pc_30min,0.0030931342830229944,0.2882786412613532,0.7111343397201708
3733,DMSO_0.1pc_30min,0.025883519968539884,0.4136418039983457,0.8829588809002176
3756,DMSO_0.1pc_30min,0.1867513714887305,1.0022407431342177,0.9634628245674897
3794,DMSO_0.1pc_30min,0.0025995994220423305,0.06637368266819228,0.07705184711724944
3795,DMSO_0.1pc_30min,0.5054317372901957,1.0318296037054873,0.992690484029915
3797,DMSO_0.1pc_30min,0.08502560026514591,0.7971815437340442,0.9984096340602953
3808,DMSO_0.1pc_30min,0.7008371107694491,1.37479819383499,0.9928415367318247
3810,DMSO_0.1pc_30min,0.005390495511948088,2.735869336442102e-11,-8.249134708648853e-11
3819,DMSO_0.1pc_30min,0.0029434776756550904,1.6537338506454439e-12,-3.4916514124461173e-12
3826,DMSO_0.1pc_30min,0.01475299074557039,0.43268006376156926,0.9014780343417454
3829,DMSO_0.1pc_30min,0.011017784050096536,0.3813000554969552,0.7377310764966365
3834,DMSO_0.1pc_30min,0.007455707213131572,0.04862986396015313,0.15908557910706012
3837,DMSO_0.1pc_30min,0.042681411639614295,0.49634774066542425,0.8993841146297183
3838,DMSO_0.1pc_30min,0.0056986008211585585,0.4083660382125697,0.8206536583596755
3842,DMSO_0.1pc_30min,0.3789722600330524,1.0628248052785396,0.9043919798084411
3856,DMSO_0.1pc_30min,0.0023623746707691915,0.14503127253935974,0.6847245420693708
3857,DMSO_0.1pc_30min,0.0021312324385860644,1.1151551633665565e-11,-5.796474411567942e-12
3879,DMSO_0.1pc_30min,0.004720258889833119,0.040834754240476494,0.11702323961366834
3884,DMSO_0.1pc_30min,0.0021511394695883407,0.040543916277690606,0.06471361859004454
3888,DMSO_0.1pc_30min,0.005983724328340397,0.3396640049383473,0.22701264624468087
3892,DMSO_0.1pc_30min,0.008479132249629042,0.2194570491283895,0.08587736765954235
3905,DMSO_0.1pc_30min,0.020000969758956683,0.18494691587297665,0.12749232673402788
3906,DMSO_0.1pc_30min,0.20101626866773634,0.9887292788316722,0.8790732532682856
3907,DMSO_0.1pc_30min,0.004879232952684998,0.23018546799314582,0.738826107460049
3916,DMSO_0.1pc_30min,0.09615993102461244,0.9167849196565377,0.7009755173590871
3922,DMSO_0.1pc_30min,0.0069356465911230075,0.0741427254534711,0.07273155579935353
3946,DMSO_0.1pc_30min,0.03189969561433921,0.5615940679411137,0.9311396514232206
3947,DMSO_0.1pc_30min,0.0072448626144797305,0.11845907005768783,0.3335235216286153
3950,DMSO_0.1pc_30min,5.37932438801363,2.5022672264082613,0.6272809550590017
3952,DMSO_0.1pc_30min,0.04377807053416719,0.9078892331871814,0.617694614006286
3958,DMSO_0.1pc_30min,0.00900362070758134,0.12534332104966658,0.3130255842829315
3970,DMSO_0.1pc_30min,0.01122105635156035,0.16336674892992742,0.2839338108092154
3975,DMSO_0.1pc_30min,0.021941021276716627,0.6724140793532384,0.9360798041853036
3979,DMSO_0.1pc_30min,0.012614593850468312,0.3435094509063676,0.8154628453340979
3980,DMSO_0.1pc_30min,0.13951332995241553,1.009849918021712,0.9969159113974859
3985,DMSO_0.1pc_30min,0.03739449253956381,0.6788835403769166,0.9936197093112359
3986,DMSO_0.1pc_30min,0.020721828545614874,0.29238891296079944,0.6616044988588772
4004,DMSO_0.1pc_30min,0.0071806786969269495,0.31214130122616884,0.9664986085697975
4007,DMSO_0.1pc_30min,0.0058214706525872816,0.3594464808518154,0.8571721504965473
4030,DMSO_0.1pc_30min,0.017077351886477556,0.38816087810930044,0.866351139045852
4044,DMSO_0.1pc_30min,0.014367936956544095,0.2766690927331862,0.40720521036396273
4049,DMSO_0.1pc_30min,0.01494428292980612,0.7114211674603593,0.8920231322091279
4053,DMSO_0.1pc_30min,0.03505139095513064,0.6436462894377236,0.8486686317506882
4064,DMSO_0.1pc_30min,0.9407125527780231,1.4535234685900635,0.9208917742379452
4078,DMSO_0.1pc_30min,0.2469500362577173,1.1553240095506656,0.8696768379338772
4093,DMSO_0.1pc_30min,0.08225380421999218,0.949968581622772,0.7261200390615974
4112,DMSO_0.1pc_30min,0.03838140031595203,0.5091013838848066,0.9606154342482953
4120,DMSO_0.1pc_30min,0.10977302870015468,0.624779320413639,0.9173272054859595
4124,DMSO_0.1pc_30min,0.005415322230757611,0.15804751498676045,0.26673690222413726
4129,DMSO_0.1pc_30min,0.02026931801534862,0.6103523318591918,0.9910702703159224
4145,DMSO_0.1pc_30min,0.015537704399850907,0.5257004368377,0.916283958959207
4146,DMSO_0.1pc_30min,0.005012674284869228,0.29262543284883374,0.7957045872660764
4160,DMSO_0.1pc_30min,0.06875399666657635,0.8539726416398246,0.9798938606368415
4176,DMSO_0.1pc_30min,0.02545109800288707,0.6718369565664286,0.8672839146917825
4177,DMSO_0.1pc_30min,0.02119502942371944,0.5861578158821128,0.9837679528497564
4180,DMSO_0.1pc_30min,0.24033978390029578,1.0621380960242617,0.9906250385004759
4182,DMSO_0.1pc_30min,0.05723122082027014,0.8991248653194042,0.9586262161572418
4203,DMSO_0.1pc_30min,0.003245778228441946,0.1518601733834584,0.5102718707250574
4204,DMSO_0.1pc_30min,0.007149318257625267,0.30534660524601737,0.9251316040963684
4208,DMSO_0.1pc_30min,0.005624371052213066,0.21943660362526843,0.44103973620570947
4210,DMSO_0.1pc_30min,0.006575609624015052,1.3797252884976068e-12,-2.1538326677728037e-14
4216,DMSO_0.1pc_30min,0.8641212836685652,1.1877587874143962,0.9279893184066834
4217,DMSO_0.1pc_30min,0.4237570760931446,1.4573579477358645,0.4679417783263041
4219,DMSO_0.1pc_30min,0.004204721326653196,4.358933979555343e-13,-2.431388423929093e-13
4238,DMSO_0.1pc_30min,0.29409496387682604,1.2690362715733605,0.996571781916877
4244,DMSO_0.1pc_30min,0.0029959181959891786,0.02548057231068899,0.004720422933773505
4245,DMSO_0.1pc_30min,0.30495068374648615,1.1241047452490407,0.9983633885257006
4260,DMSO_0.1pc_30min,0.10834377267966334,0.9187239872058746,0.9306595754375857
4264,DMSO_0.1pc_30min,0.011486912551799195,1.4024526005743382e-12,-1.7963408538435033e-12
4267,DMSO_0.1pc_30min,0.002557349925392648,0.02733045427517996,0.002241029238928771
4283,DMSO_0.1pc_30min,0.007811500598180605,0.02334813304430432,0.04666788364890506
4287,DMSO_0.1pc_30min,0.004939999367175968,0.2562326794251572,0.830198288574684
4293,DMSO_0.1pc_30min,0.0075478256051847515,0.2854463973895219,0.8100017373784403
4295,DMSO_0.1pc_30min,0.04670728972537698,0.8183815475371363,0.9802626350477328
4300,DMSO_0.1pc_30min,0.02690261088721401,0.3931361191177221,0.7224014505034553
4322,DMSO_0.1pc_30min,0.0060269979928149415,2.1661615250799883e-15,-1.1102230246251565e-15
4328,DMSO_0.1pc_30min,8.326100742000582,1.9578030271953641,0.8534560477563109
4332,DMSO_0.1pc_30min,0.0065350976305813295,0.0685081433078513,0.025330206107535225
4355,DMSO_0.1pc_30min,0.030368474771372708,0.37679703707787715,0.8482827900150332
4380,DMSO_0.1pc_30min,0.007048835875420647,0.35023539361641076,0.5069972859605125
4381,DMSO_0.1pc_30min,0.06301070282726054,0.7276919109725526,0.9740589333828751
4390,DMSO_0.1pc_30min,0.18884736321884,0.9877065910105753,0.9724671961023085
4396,DMSO_0.1pc_30min,0.17805429347116872,1.249569223698569,0.9867721476898484
4402,DMSO_0.1pc_30min,0.1484031580640735,0.9157491942503069,0.9794425830465269
4405,DMSO_0.1pc_30min,0.6762588400128532,1.416274103783031,0.9415450883751024
4413,DMSO_0.1pc_30min,0.034969296044360804,0.3526609269283584,0.59062007266211
4431,DMSO_0.1pc_30min,0.014633174893417008,0.28996489223278754,0.7339781844199982
4439,DMSO_0.1pc_30min,0.1523055818291767,1.0880348433391354,0.9986356827614468
4444,DMSO_0.1pc_30min,0.011378142746949567,0.33763097441889817,0.7069991340964128
4455,DMSO_0.1pc_30min,0.0037466261553027484,0.01286235960485017,0.0015095430387046527
4467,DMSO_0.1pc_30min,0.007322849071835575,4.4087063546312435e-11,-1.1499690089067371e-11
4472,DMSO_0.1pc_30min,0.026717983911372964,0.5781421243073204,0.954122398407497
4481,DMSO_0.1pc_30min,0.009309570166980275,0.2162718452650358,0.17146280439189765
4486,DMSO_0.1pc_30min,0.009643682839392972,0.22730492768960123,0.5825756174141057
4488,DMSO_0.1pc_30min,0.029218964013910304,0.5614245714052988,0.9204201367222808
4489,DMSO_0.1pc_30min,0.010668887886882588,0.12428517302459507,0.0869379608836951
4496,DMSO_0.1pc_30min,0.22972826284909767,1.016072888429493,0.9979578683283614
4500,DMSO_0.1pc_30min,0.2985807404073259,1.0519717418080046,0.9959973202218442
4520,DMSO_0.1pc_30min,0.00783283275220515,0.4307639729547751,0.8092135827346012
4522,DMSO_0.1pc_30min,0.0148263627332585,0.5489545643574109,0.983732195357169
4524,DMSO_0.1pc_30min,0.0036442361647638353,0.20073839328357948,0.8569238417816277
4525,DMSO_0.1pc_30min,0.06143456998957902,0.7811631369371772,0.992053140597885
4527,DMSO_0.1pc_30min,0.0023324115010084287,1.337717537596738e-12,-1.5381029783156919e-12
4530,DMSO_0.1pc_30min,0.12577562844887444,0.7782497460059282,0.9683085280100143
4534,DMSO_0.1pc_30min,0.01683992676779759,0.5445487155520361,0.9898247223243122
4551,DMSO_0.1pc_30min,0.017823955651362102,0.32085415692332653,0.7875617605685785
4561,DMSO_0.1pc_30min,0.01780934347235117,0.46583594763955827,0.9631638861904911
4583,DMSO_0.1pc_30min,0.01764519969981113,0.4037966620391356,0.9440824156595735
4588,DMSO_0.1pc_30min,0.04668532375261893,0.31243276872079206,0.2836296475207979
4597,DMSO_0.1pc_30min,0.029870071034945277,0.5097927885781977,0.9754836933411277
4615,DMSO_0.1pc_30min,0.008281044531995203,0.21108894897171968,0.4989052997918797
4617,DMSO_0.1pc_30min,0.012073903447636408,0.11951756055676085,0.12114567844230639
4618,DMSO_0.1pc_30min,0.02235095813439381,0.7039919558657804,0.8595582330148208
4621,DMSO_0.1pc_30min,0.030318264985010338,0.3319284723053659,0.7972808192761767
4624,DMSO_0.1pc_30min,0.005772497489483262,0.31340049069200926,0.6791546338952054
4632,DMSO_0.1pc_30min,0.00800931802721047,0.19626433291616402,0.5190121275571428
4633,DMSO_0.1pc_30min,3.112374943933872,1.888786855390482,0.9733780627475592
4636,DMSO_0.1pc_30min,1.0973005443921358,1.5655294866282168,0.9966043192025474
4637,DMSO_0.1pc_30min,0.0013274586878342482,0.009095407523185288,0.0012515357937170624
4639,DMSO_0.1pc_30min,0.016293137117588046,0.5318873661207169,0.8386818899081233
4644,DMSO_0.1pc_30min,0.004197530002978753,0.3365326711636825,0.8043254187930292
4655,DMSO_0.1pc_30min,0.024593529047076294,0.6791288760141577,0.7722720052956258
4662,DMSO_0.1pc_30min,0.09431758777607314,0.675831392790813,0.9631973504956104
4666,DMSO_0.1pc_30min,0.04564226840049857,0.3727306359476435,0.6048576858276187
4667,DMSO_0.1pc_30min,0.07287005003856256,0.698450235570942,0.9342416317301421
4674,DMSO_0.1pc_30min,0.03860642611954715,0.6281371787856999,0.9621918134138439
4675,DMSO_0.1pc_30min,0.0011587833698102508,2.1867623129203365e-11,-1.5025980459881794e-11
4688,DMSO_0.1pc_30min,0.08530474814074757,0.8107713575406473,0.9968184143413035
4689,DMSO_0.1pc_30min,0.03053658217931695,0.6752307510203388,0.7506314155108534
4700,DMSO_0.1pc_30min,0.15694973674207321,0.9076917674807603,0.9689016764349597
4703,DMSO_0.1pc_30min,0.06015687998439588,0.5186525835483953,0.8166399805374012
4705,DMSO_0.1pc_30min,0.05436676649964994,0.46754729214496943,0.6593976209208833
4723,DMSO_0.1pc_30min,0.006620884801221754,0.3557771446974792,0.913026239367951
4733,DMSO_0.1pc_30min,0.018617966130898837,0.42943065464960933,0.987767190930466
4737,DMSO_0.1pc_30min,0.07522400116257254,0.7539410730605971,0.9657643845657511
4764,DMSO_0.1pc_30min,0.0046553400762267385,1.5868751672193877e-11,-1.8487433806058107e-12
4772,DMSO_0.1pc_30min,0.19536370610349166,0.8183843523484139,0.9781794127483241
4780,DMSO_0.1pc_30min,0.05850140182155948,0.6789404471398216,0.8913331317484691
4796,DMSO_0.1pc_30min,0.016969171025367775,0.6642390650972885,0.934690484315952
4798,DMSO_0.1pc_30min,0.06699621865246011,0.7483617503247976,0.9459012168257294
4813,DMSO_0.1pc_30min,0.027420110930405913,0.18434304574682248,0.31142248050747146
4819,DMSO_0.1pc_30min,0.03728821795061075,0.4185841899053727,0.7664071561989014
4830,DMSO_0.1pc_30min,0.0034134608950205756,1.8683173663686784e-16,-6.661338147750939e-16
4833,DMSO_0.1pc_30min,0.002214988573279849,0.042385839649755314,0.013494250419940679
4836,DMSO_0.1pc_30min,0.04355453381669205,0.8423031806549847,0.897153429314997
4840,DMSO_0.1pc_30min,0.00815806816062685,0.1440775606468467,0.27363046675607394
4845,DMSO_0.1pc_30min,0.03681731600248301,0.5269686878714136,0.9685662225736243
4848,DMSO_0.1pc_30min,0.028128922433706693,0.43359813174507644,0.5749461258253732
4850,DMSO_0.1pc_30min,461.01642495812666,4.134817395324772,0.8851783369250924
4860,DMSO_0.1pc_30min,0.16272925144557396,1.071198069661308,0.8805053543480914
4872,DMSO_0.1pc_30min,0.05993544829426652,0.4480864176391142,0.7782525032285157
4874,DMSO_0.1pc_30min,0.01582214780734895,0.5546714585945377,0.918072838872408
4875,DMSO_0.1pc_30min,0.17871359687730898,0.7911173754340968,0.9367836775735147
4878,DMSO_0.1pc_30min,0.10406234384957498,0.9259357600054468,0.9959649862647333
4879,DMSO_0.1pc_30min,0.004479447861991285,0.10835823003426054,0.0164467454798205
4888,DMSO_0.1pc_30min,0.010310657692148737,0.41629141445396406,0.8914299889142092
4901,DMSO_0.1pc_30min,0.00044395028441024614,0.007510800037335548,0.004123369948448086
4905,DMSO_0.1pc_30min,0.03215901275088086,0.6050760579805801,0.8385230349748767
4909,DMSO_0.1pc_30min,0.028779266980195204,0.43493384563728793,0.7958152110684487
4930,DMSO_0.1pc_30min,0.02900798405104363,0.5862715652509917,0.9514008226748035
4932,DMSO_0.1pc_30min,0.03437076510120742,0.44487729666769954,0.28718672281697355
4944,DMSO_0.1pc_30min,0.06827640268771105,0.5095415505137937,0.7272866295976697
4950,DMSO_0.1pc_30min,0.008985512585308345,0.10749134882452524,0.5579467241175344
4954,DMSO_0.1pc_30min,0.00911586130861196,0.15068634901170175,0.14567095487605386
4956,DMSO_0.1pc_30min,0.13272790489450292,0.6133197050302519,0.8481309509913177
4978,DMSO_0.1pc_30min,0.015943795197046206,0.5019084588350613,0.974094305718616
4981,DMSO_0.1pc_30min,0.6179563141742307,1.1974170232880785,0.9903759415799815
4994,DMSO_0.1pc_30min,0.07675801969085247,0.8895079869829009,0.9433719283112136
4997,DMSO_0.1pc_30min,0.15422372266944276,1.0491072425602792,0.9364489861893678
5002,DMSO_0.1pc_30min,0.21621538501576673,0.9085090961488355,0.9305654291379167
5004,DMSO_0.1pc_30min,0.02514345308649391,0.5878195137258522,0.8749352617921285
5018,DMSO_0.1pc_30min,0.014275781148465118,0.48203985809419586,0.9764257494442569
5025,DMSO_0.1pc_30min,0.007916966696896774,1.3997373532310013e-15,-2.886579864025407e-15
5026,DMSO_0.1pc_30min,0.04625870063357292,0.4695845731974822,0.7446599395667597
5059,DMSO_0.1pc_30min,0.027549553923854758,0.65360783437613,0.974040042473109
5060,DMSO_0.1pc_30min,0.0015809426353268457,4.923785334093107e-16,-1.1102230246251565e-15
5061,DMSO_0.1pc_30min,0.07171979998092551,0.6997068317487856,0.9754930975912862
5072,DMSO_0.1pc_30min,0.006826863271901573,0.22220999692976295,0.19077591143460337
5075,DMSO_0.1pc_30min,0.01810326893770614,0.7267366051634985,0.9796507428584813
5078,DMSO_0.1pc_30min,0.030704515057792835,0.5695896814598459,0.730673089442121
5079,DMSO_0.1pc_30min,0.01585498055570525,0.22611813949816692,0.4442264544716904
5081,DMSO_0.1pc_30min,0.013371379657954794,0.3305255872601455,0.14484047924806454
5085,DMSO_0.1pc_30min,0.044036943329478044,0.354514894812527,0.1389406093953296
5092,DMSO_0.1pc_30min,0.030637072492919398,0.6105948882600257,0.9265446548640508
5103,DMSO_0.1pc_30min,0.004428574610686439,0.25718565856211234,0.7489390531792475
5105,DMSO_0.1pc_30min,0.06061306905044815,0.6536004070903146,0.9620491854988708
5114,DMSO_0.1pc_30min,0.6784600455548725,1.0229862120151305,0.996984937770973
5133,DMSO_0.1pc_30min,0.21834659353813335,0.8936405240032246,0.9767140514833272
5146,DMSO_0.1pc_30min,0.0025205236977978275,0.027112361629618834,0.01683058901682266
5150,DMSO_0.1pc_30min,0.09252793881265733,1.0286347705563663,0.9963037441777212
5151,DMSO_0.1pc_30min,0.003946211335252353,0.029315684755003242,0.003406880739017959
5153,DMSO_0.1pc_30min,0.03463583125278755,0.46434253170790585,0.9157308735429243
5164,DMSO_0.1pc_30min,0.05314193013967304,0.7015683554065815,0.8354306950695296
5173,DMSO_0.1pc_30min,0.0027341129206781218,1.428512181314406e-15,-6.661338147750939e-16
5207,DMSO_0.1pc_30min,0.016420739239690837,0.24423733534400657,0.16824563821978977
5213,DMSO_0.1pc_30min,0.01006186429982192,0.2731047604194486,0.8934661940731419
5214,DMSO_0.1pc_30min,0.0020187468173557457,1.218908277148826e-11,-4.5230486023228877e-13
5219,DMSO_0.1pc_30min,0.026031399670284547,0.6240501449592225,0.9761037939962743
5236,DMSO_0.1pc_30min,0.13687631588373592,0.573819927479599,0.6476738513153979
5248,DMSO_0.1pc_30min,0.02677460137575976,0.48923692035991645,0.9466881556825043
5250,DMSO_0.1pc_30min,0.12084097383498188,0.7806367080162562,0.988901296499096
5263,DMSO_0.1pc_30min,0.04446329178532155,0.7683958930569965,0.9913247622328234
5267,DMSO_0.1pc_30min,0.009064809611008067,0.16544303059027396,0.4841853021043676
5281,DMSO_0.1pc_30min,0.028266489800385177,0.5062405927635509,0.9092205722779618
5290,DMSO_0.1pc_30min,0.005850440555962007,0.13634800772280048,0.218323691044211
5303,DMSO_0.1pc_30min,0.10348384077423696,0.9426571586086753,0.9768899384557355
5337,DMSO_0.1pc_30min,0.016045660047967474,0.34399843938154184,0.6887026439022121
5342,DMSO_0.1pc_30min,0.03796174299390685,0.6920346380206377,0.9829688363221342
5345,DMSO_0.1pc_30min,0.362399336972292,1.055105682580925,0.9780292556106596
5349,DMSO_0.1pc_30min,0.051052253021836656,0.46484834067154546,0.9367968879105069
5352,DMSO_0.1pc_30min,0.004740226106984145,4.76358316244395e-13,-5.24691401437849e-13
5353,DMSO_0.1pc_30min,0.14205434195251732,0.732932258960464,0.9135572520971132
5354,DMSO_0.1pc_30min,0.013918807087037938,0.46787266236619457,0.9799061578659503
5364,DMSO_0.1pc_30min,0.028548933527482508,0.5945909959047468,0.9806254062691449
5366,DMSO_0.1pc_30min,0.0032183840778343157,0.130243715443983,0.24323027365242378
5375,DMSO_0.1pc_30min,0.10276951414258978,0.9235680699396397,0.985529177827569
5378,DMSO_0.1pc_30min,0.010884397302256932,0.46589418746361116,0.7826590570754282
5385,DMSO_0.1pc_30min,0.012481250553383847,0.25575431022774153,0.7967807416648119
5390,DMSO_0.1pc_30min,0.006877590278385431,0.371731958400001,0.9121105527334132
5400,DMSO_0.1pc_30min,0.008193961829553844,9.48605675342638e-19,0.0
5410,DMSO_0.1pc_30min,0.02497027883792161,0.57075285150717,0.9084900867508047
5422,DMSO_0.1pc_30min,0.17631691856797044,1.1739452319120893,0.9983785358447539
5426,DMSO_0.1pc_30min,0.01110493330863993,0.2261804764842247,0.15846197161576792
5431,DMSO_0.1pc_30min,0.015389361634447065,0.5087470650037234,0.9577873742881701
5432,DMSO_0.1pc_30min,0.45856539866816987,1.1157301473768217,0.9930288283221973
5433,DMSO_0.1pc_30min,0.07288191584588953,0.7881281144566794,0.9932450989317643
5434,DMSO_0.1pc_30min,0.0035302386008091236,7.207466786719426e-13,-1.1881606809538425e-12
5474,DMSO_0.1pc_30min,0.005700459391829852,0.20434843901224578,0.22250631781321129
5482,DMSO_0.1pc_30min,0.016219418683625995,0.43518305634025206,0.9290733311677332
5486,DMSO_0.1pc_30min,0.022086089452898368,0.718449463813242,0.967895239180559
5500,DMSO_0.1pc_30min,0.0064728361411873344,0.10397162250579942,0.030888183173963024
5507,DMSO_0.1pc_30min,0.012161185686689847,0.3620497022250693,0.9192017432829447
5514,DMSO_0.1pc_30min,0.11533511835792219,0.9332292449500303,0.9782348077252301
5524,DMSO_0.1pc_30min,0.0027595738106986705,4.873033598536199e-12,-1.1962875134940987e-11
5525,DMSO_0.1pc_30min,3.29096200323814,2.0943819720022074,0.5696818569779002
5535,DMSO_0.1pc_30min,0.038170455163979766,0.3772952086606682,0.7302135885850147
5540,DMSO_0.1pc_30min,0.04977625823366019,0.7575908242752954,0.9977042013731631
5566,DMSO_0.1pc_30min,0.1899601377210371,0.7979731392398978,0.9498839388647315
5571,DMSO_0.1pc_30min,0.004046111358216941,0.06870349488167371,0.105320354082996
5572,DMSO_0.1pc_30min,0.020105377424274685,0.26755413830661207,0.3002429177144772
5595,DMSO_0.1pc_30min,0.04583924499008168,0.6514889085416599,0.9938655963140194
5597,DMSO_0.1pc_30min,0.08527369701111773,0.9575059754193247,0.9843013852351751
5609,DMSO_0.1pc_30min,0.00692682838886721,0.008636714001494421,0.0011873210277315582
5613,DMSO_0.1pc_30min,0.01817633584577679,0.44630038422173846,0.8510487439471391
5615,DMSO_0.1pc_30min,0.06587904876487517,0.9170739971498816,0.9689868077291061
5620,DMSO_0.1pc_30min,0.012044043566886336,0.3088294951814904,0.7731902540305563
5623,DMSO_0.1pc_30min,0.03672659029797671,0.5687983589690145,0.773819864637333
5630,DMSO_0.1pc_30min,0.04625747742325933,0.8567667211543187,0.9429659396259147
5638,DMSO_0.1pc_30min,0.08562648653144624,1.0425829537178253,0.9975762566184344
5646,DMSO_0.1pc_30min,0.03259310513514998,0.13380773976206936,0.06498843445649116
5657,DMSO_0.1pc_30min,0.008295247270528994,0.020141352277485872,0.007040222294939613
5669,DMSO_0.1pc_30min,0.09031962084143645,0.8520023876128614,0.7804951200891874
5672,DMSO_0.1pc_30min,0.014121174341047486,0.15009617316910034,0.0942974441946941
5673,DMSO_0.1pc_30min,0.004773110538672469,6.766241414305728e-15,-2.398081733190338e-14
5679,DMSO_0.1pc_30min,0.004235633354355782,0.1118230152109149,0.3080070375357621
5692,DMSO_0.1pc_30min,0.03685444906201039,0.7473952080687907,0.9821733606017244
5700,DMSO_0.1pc_30min,0.0062673028736871415,0.09954339888778717,0.19349323709280097
5701,DMSO_0.1pc_30min,0.0022292972324193332,4.279101574155345e-15,-1.3322676295501878e-15
5707,DMSO_0.1pc_30min,0.24543316738813892,1.2191413429110909,0.9275427847838316
5715,DMSO_0.1pc_30min,0.016027210017016902,0.33170604434535256,0.7655446663277187
5734,DMSO_0.1pc_30min,0.13712092644009757,0.9343327443371288,0.9980407691675633
5742,DMSO_0.1pc_30min,0.022817950665974657,0.41073908644819734,0.8435224229325192
5743,DMSO_0.1pc_30min,0.34899469695165725,1.4672168217761752,0.9273564261949351
5744,DMSO_0.1pc_30min,1.7067620618279908,1.5499637684051621,0.9626830678888333
5769,DMSO_0.1pc_30min,0.02134678895334021,0.43665795441802346,0.5872326919547537
5771,DMSO_0.1pc_30min,0.0031215384893421745,0.11861752384788916,0.10999923689984092
5779,DMSO_0.1pc_30min,0.028737538601348516,0.4934650712971672,0.9220570142618485
5798,DMSO_0.1pc_30min,0.03401361767477825,0.3554010476306206,0.25565126122700244
5802,DMSO_0.1pc_30min,0.004243192127826828,5.3081573958322844e-14,-7.704947790898586e-14
5814,DMSO_0.1pc_30min,0.023551683510334716,0.6179067282701711,0.9426245296623346
5827,DMSO_0.1pc_30min,0.14705258430013005,0.9533643571886437,0.9890739935390485
5830,DMSO_0.1pc_30min,0.011896207544101419,0.3071344620626617,0.872128010974452
5852,DMSO_0.1pc_30min,0.014938101703144498,0.09786348193425802,0.02553143084848719
5856,DMSO_0.1pc_30min,0.003560351076691805,0.005190804053903707,9.543554872148974e-05
5863,DMSO_0.1pc_30min,0.039429840888807625,0.8012662880876296,0.9298813127755534
5874,DMSO_0.1pc_30min,0.015519391134616478,0.4844545836183344,0.8257605577604178
5877,DMSO_0.1pc_30min,0.008227964098024813,0.348805843309769,0.7625606467725806
5882,DMSO_0.1pc_30min,0.002827076190098756,1.117115294139804e-12,-3.8391512191537913e-13
5883,DMSO_0.1pc_30min,0.05049568735292922,0.6881119131663814,0.9633681572061589
5886,DMSO_0.1pc_30min,0.1845749967215239,1.034712564967009,0.9907575124387447
5895,DMSO_0.1pc_30min,0.01258694082322897,0.36382681056010757,0.4018514858884362
5912,DMSO_0.1pc_30min,0.011832413069259645,0.34409306897749165,0.7920938761209326
5914,DMSO_0.1pc_30min,0.5664364812906034,1.544351279819373,0.6493927416773735
5917,DMSO_0.1pc_30min,0.7254444762733377,1.2203291280755604,0.9636092793448676
5923,DMSO_0.1pc_30min,0.002686979085098149,0.22337436205224204,0.563946458794371
5925,DMSO_0.1pc_30min,0.17247794765474578,1.0114618973606375,0.9828509292179204
5927,DMSO_0.1pc_30min,0.020416693892334317,0.5337609539521149,0.9733429499691394
5940,DMSO_0.1pc_30min,0.0374697251982945,0.3123408943485899,0.8489710408995609
5948,DMSO_0.1pc_30min,0.2602471586527844,0.9690485229597777,0.9980827209281931
5949,DMSO_0.1pc_30min,0.009821322266542682,0.17977352016169973,0.4049590425354347
5953,DMSO_0.1pc_30min,0.024250187718203583,0.5773815168741395,0.9110425239666575
5958,DMSO_0.1pc_30min,0.025404391095232067,0.48438965090905994,0.8953905351383619
5972,DMSO_0.1pc_30min,0.01128441466297196,0.5146080345573825,0.8627696177682632
5980,DMSO_0.1pc_30min,0.019020564808579936,0.6964586374095889,0.7746877198787749
5985,DMSO_0.1pc_30min,0.011200925081452501,0.4571019770622416,0.7072481690207006
5994,DMSO_0.1pc_30min,51188.35126752482,5.870686010255149,0.7282594398011751
6000,DMSO_0.1pc_30min,0.01284515210145548,0.3113187265382018,0.6792776085531662
6001,DMSO_0.1pc_30min,0.005685833190780065,0.011343697272703743,0.00032808717078791627
6005,DMSO_0.1pc_30min,0.0198757423854152,0.6697326040184715,0.9665685978423466
6010,DMSO_0.1pc_30min,0.11127894708177853,0.8004450092248928,0.9891725733195795
6016,DMSO_0.1pc_30min,0.01982536052099308,0.40714212458684146,0.6001611346780596
6017,DMSO_0.1pc_30min,0.4417487779319377,1.4861856128362896,0.961378398960485
6021,DMSO_0.1pc_30min,0.062341425338574535,0.7609683220341754,0.8512766887285605
6034,DMSO_0.1pc_30min,0.1588137473878805,0.6911161524591042,0.9082150931250377
6043,DMSO_0.1pc_30min,0.006485948928085746,0.22208016838826225,0.6686431199982492
6046,DMSO_0.1pc_30min,0.32815640768281595,1.1002650604485267,0.9917716348647887
6048,DMSO_0.1pc_30min,0.0410973059573612,0.5275813775258131,0.8364249246812034
6054,DMSO_0.1pc_30min,0.8789985501037869,1.3742693117069358,0.9784657047951458
6072,DMSO_0.1pc_30min,0.00122871120111345,0.12522043620242027,0.307286045981925
6078,DMSO_0.1pc_30min,0.12426585230448854,0.7542794619604545,0.9291108696397506
6081,DMSO_0.1pc_30min,0.07369938841389266,0.5837085354920336,0.9561185778555422
6088,DMSO_0.1pc_30min,0.02966055394033882,0.9410292241232819,0.8647712585673906
6096,DMSO_0.1pc_30min,0.016514038755847685,0.43767841430916,0.6181797080128815
6100,DMSO_0.1pc_30min,0.246565437973529,0.979738010758568,0.9789281299347775
6113,DMSO_0.1pc_30min,0.012078523123696148,0.04967619011222171,0.10456688559194893
6115,DMSO_0.1pc_30min,0.006929504834374536,0.023753202593119596,0.0018149601691456185
6117,DMSO_0.1pc_30min,0.25771565545139724,0.7117153615508928,0.940403100874279
6140,DMSO_0.1pc_30min,0.005926692090279876,0.1525379370652178,0.2069007945567628
6141,DMSO_0.1pc_30min,0.005623458345017423,0.1224080541583083,0.3004296926074004
6144,DMSO_0.1pc_30min,0.006428149027054061,0.3455345541380401,0.7810661736527811
6145,DMSO_0.1pc_30min,0.016326963879184923,0.3242799626664036,0.7866835162492861
6153,DMSO_0.1pc_30min,0.08973602207833965,0.5221310884986815,0.4072885275268109
6154,DMSO_0.1pc_30min,0.5553222500938755,1.117511935825275,0.9924244741546584
6156,DMSO_0.1pc_30min,0.06652926070364441,1.0219866499426669,0.9753232202012433
6169,DMSO_0.1pc_30min,0.027654412343268354,0.44609716981673003,0.7773747001152672
6175,DMSO_0.1pc_30min,0.5461376324954295,1.310927198389404,0.9761797293361025
6177,DMSO_0.1pc_30min,0.02447151548056207,0.5379678514741232,0.8307923029588431
6182,DMSO_0.1pc_30min,0.05289181450129427,0.6378830575988147,0.9363331392782211
6184,DMSO_0.1pc_30min,0.026202637844849403,0.7700072633643988,0.2763323340755377
6207,DMSO_0.1pc_30min,0.21491604802426298,1.1772841382870052,0.9724547519259878
6208,DMSO_0.1pc_30min,0.008597659417679999,0.3215465415559973,0.7428748056584215
6213,DMSO_0.1pc_30min,0.1834651771908145,0.9302030998715628,0.9954905186154839
6216,DMSO_0.1pc_30min,0.0563352330269681,0.5950212746094542,0.934668341574323
6229,DMSO_0.1pc_30min,0.009899038235067164,0.49865303259554433,0.7436561478068173
6231,DMSO_0.1pc_30min,0.29264742692707657,1.136716204154906,0.9947359713357282
6243,DMSO_0.1pc_30min,0.14010039662745996,1.2910501786171504,0.9848789962942464
6254,DMSO_0.1pc_30min,0.008248483777749812,0.22722990040780003,0.39105306105913595
6272,DMSO_0.1pc_30min,0.011354796808074344,0.439336051084798,0.6676607787436013
6274,DMSO_0.1pc_30min,0.006181173415232194,0.06267231497096615,0.05230815807416478
6281,DMSO_0.1pc_30min,0.2337723777697428,1.2361819861074401,0.9977479669584796
6284,DMSO_0.1pc_30min,0.014789905048291762,0.363971923942245,0.626548807427306
6288,DMSO_0.1pc_30min,0.004592739523176592,2.2817236557196783e-18,0.0
6289,DMSO_0.1pc_30min,0.0035728342885284485,0.19726978464941444,0.3759165411057417
6292,DMSO_0.1pc_30min,0.010205424785628804,0.13171163520601697,0.04689013555061328
6293,DMSO_0.1pc_30min,0.0029412278344904536,1.7332594629238274e-13,-3.9390712913700554e-13
6295,DMSO_0.1pc_30min,0.04462925823851898,0.17146528525851285,0.11518600866230877
6298,DMSO_0.1pc_30min,0.05203990122253133,0.9195955044447799,0.9501147292223643
6301,DMSO_0.1pc_30min,0.042610011578711485,0.49378729640184305,0.843365995015105
6307,DMSO_0.1pc_30min,0.1541619834512732,1.0014096433008284,0.9334085962965549
6320,DMSO_0.1pc_30min,0.13970428395753207,1.129961588289777,0.9369035250144425
6321,DMSO_0.1pc_30min,0.013657535918138529,0.3260220149391082,0.6352669954263356
6323,DMSO_0.1pc_30min,0.027512712349581196,0.641096635256441,0.820554195324301
6355,DMSO_0.1pc_30min,0.14642557336780818,0.9283639116171305,0.9711225230498028
6359,DMSO_0.1pc_30min,0.005043985420355525,0.3534025694534736,0.5635803080099797
6380,DMSO_0.1pc_30min,0.01483736434297694,0.2725145543790565,0.4250833230620039
6381,DMSO_0.1pc_30min,0.0026500716138702627,2.0097043974989975e-11,-3.160294248516493e-11
6382,DMSO_0.1pc_30min,0.036345109631796414,0.9343575492220043,0.8209442520531245
6388,DMSO_0.1pc_30min,0.015232741748864492,0.19163853469845255,0.11259133259413123
6389,DMSO_0.1pc_30min,0.4500245210285458,1.5566342218204392,0.9136744171612405
6391,DMSO_0.1pc_30min,0.09804856307962417,0.6153477527998246,0.6787921261112624
6392,DMSO_0.1pc_30min,0.0065388599306194055,0.03823602491374776,0.042029123000044466
6413,DMSO_0.1pc_30min,0.11967826946328836,0.7432911195649602,0.9439586966138276
6416,DMSO_0.1pc_30min,0.014566742109727892,0.13226065498538483,0.2102741756703601
6421,DMSO_0.1pc_30min,0.0034256593793501443,0.09192412252495681,0.2503913426055636
6428,DMSO_0.1pc_30min,0.16444864271491044,0.7165466610636357,0.9893145232077909
6430,DMSO_0.1pc_30min,0.09301007578951234,0.747041374899938,0.953048443196142
6433,DMSO_0.1pc_30min,0.0030477162830202706,0.05839054129486669,0.038365227437917704
6435,DMSO_0.1pc_30min,0.05078116968401975,0.7727986669782455,0.9538683464192589
6445,DMSO_0.1pc_30min,1.113924602843945,1.6746240066414062,0.9558578167694305
6446,DMSO_0.1pc_30min,0.028439861141310512,0.26096270602243815,0.5369869961692737
6447,DMSO_0.1pc_30min,0.4348031617702901,1.2424306240069332,0.9864273643396404
6451,DMSO_0.1pc_30min,0.005376651111574214,0.17851860574398642,0.1928089809229353
6457,DMSO_0.1pc_30min,0.0037202875701972705,4.054882627049717e-11,-7.737122054152223e-11
6470,DMSO_0.1pc_30min,3.4824168427853452,1.568764625376295,0.997739563791789
6480,DMSO_0.1pc_30min,0.027223593906636725,0.5563370390578194,0.4442319145118542
6489,DMSO_0.1pc_30min,0.0029073378502719772,0.29422727258536235,0.25837902343645847
6496,DMSO_0.1pc_30min,0.016385142346869972,0.398869128302593,0.6206830321491876
6497,DMSO_0.1pc_30min,0.004116532760945551,1.1829336779560785e-11,-1.6199042107700734e-11
6507,DMSO_0.1pc_30min,0.007203650832738194,0.4054443043225733,0.682252554804732
6509,DMSO_0.1pc_30min,0.0043936173429076335,0.30215056914232075,0.15085969438171687
6510,DMSO_0.1pc_30min,0.010693658782851067,0.3103188383045507,0.36463025339183286
6514,DMSO_0.1pc_30min,0.0020368293988310606,4.358187849796705e-14,-1.84297022087776e-14
6526,DMSO_0.1pc_30min,0.312845456428417,0.9978490098231432,0.9206307146469241
6527,DMSO_0.1pc_30min,0.01704112560231398,0.2881107433485597,0.4378471401788787
6539,DMSO_0.1pc_30min,0.005311178950688872,0.04643233463472761,0.0051299184669735265
6546,DMSO_0.1pc_30min,0.0375387910759637,0.5773107842335405,0.672703830282058
6552,DMSO_0.1pc_30min,0.002096589621556094,1.6744510575886985e-13,-3.126388037344441e-13
6553,DMSO_0.1pc_30min,3.5463393730392894,2.369824101493789,0.8775789729669113
6556,DMSO_0.1pc_30min,0.4656741165636787,1.1050731019313682,0.9264805584267817
6561,DMSO_0.1pc_30min,0.013341374857188825,0.2903091932630926,0.24500755905599692
